"Cód.";"Município";"Abacate";"Abacaxi";"Açaí";"Alfafa fenada";"Algodão arbóreo (em caroço)";"Algodão herbáceo (em caroço)";"Alho";"Amendoim (em casca)";"Arroz (em casca)";"Aveia (em grão)";"Azeitona";"Banana (cacho)";"Batata-doce";"Batata-inglesa";"Borracha (látex coagulado)";"Borracha (látex líquido)";"Cacau (em amêndoa)";"Café (em grão) Total";"Café (em grão) Arábica";"Café (em grão) Canephora";"Caju";"Cana-de-açúcar";"Cana para forragem";"Caqui";"Castanha de caju";"Cebola";"Centeio (em grão)";"Cevada (em grão)";"Chá-da-índia (folha verde)";"Coco-da-baía";"Dendê (cacho de coco)";"Erva-mate (folha verde)";"Ervilha (em grão)";"Fava (em grão)";"Feijão (em grão)";"Figo";"Fumo (em folha)";"Girassol (em grão)";"Goiaba";"Guaraná (semente)";"Juta (fibra)";"Laranja";"Limão";"Linho (semente)";"Maçã";"Malva (fibra)";"Mamão";"Mamona (baga)";"Mandioca";"Manga";"Maracujá";"Marmelo";"Melancia";"Melão";"Milho (em grão)";"Noz (fruto seco)";"Palmito";"Pera";"Pêssego";"Pimenta-do-reino";"Rami (fibra)";"Sisal ou agave (fibra)";"Soja (em grão)";"Sorgo (em grão)";"Tangerina";"Tomate";"Trigo (em grão)";"Triticale (em grão)";"Tungue (fruto seco)";"Urucum (semente)";"Uva"
"5200050";"Abadia de Goiás (GO)";"-";"-";"-";"...";"-";"-";"-";"-";"-";"-";"-";"250";"-";"-";"-";"...";"-";"-";"-";"-";"...";"1208";"...";"-";"-";"-";"-";"-";"-";"-";"-";"-";"-";"-";"-";"-";"-";"-";"-";"-";"-";"-";"353";"-";"-";"-";"-";"-";"204";"80";"-";"-";"-";"-";"1035";"-";"-";"-";"-";"-";"-";"-";"195";"168";"-";"-";"-";"-";"-";"-";"-"
"5200100";"Abadiânia (GO)";"-";"-";"-";"...";"-";"-";"-";"-";"-";"-";"-";"525";"-";"-";"105";"...";"-";"-";"-";"-";"...";"-";"...";"-";"-";"-";"-";"-";"-";"-";"-";"-";"-";"-";"-";"-";"-";"-";"-";"-";"-";"1215";"78";"-";"-";"-";"-";"-";"2635";"-";"-";"-";"-";"-";"9500";"-";"-";"-";"-";"-";"-";"-";"23717";"2475";"980";"470";"-";"-";"-";"-";"-"
"5200134";"Acreúna (GO)";"-";"-";"-";"...";"-";"-";"-";"-";"-";"-";"-";"-";"-";"-";"-";"...";"-";"-";"-";"-";"...";"2160000";"...";"-";"-";"-";"-";"-";"-";"-";"-";"-";"-";"-";"1350";"-";"-";"-";"-";"-";"-";"-";"-";"-";"-";"-";"-";"-";"195";"-";"-";"-";"-";"-";"110400";"-";"-";"-";"-";"-";"-";"-";"126960";"75900";"-";"19320";"-";"-";"-";"-";"-"
"5200159";"Adelândia (GO)";"-";"-";"-";"...";"-";"-";"-";"-";"140";"-";"-";"2200";"-";"-";"-";"...";"-";"-";"-";"-";"...";"-";"...";"-";"-";"-";"-";"-";"-";"-";"-";"-";"-";"-";"-";"-";"-";"-";"-";"-";"-";"-";"-";"-";"-";"-";"-";"-";"-";"-";"-";"-";"-";"-";"400";"-";"-";"-";"-";"-";"-";"-";"450";"-";"-";"-";"-";"-";"-";"-";"-"
"5200175";"Água Fria de Goiás (GO)";"-";"-";"-";"...";"-";"-";"2929";"-";"-";"-";"-";"832";"-";"9060";"-";"...";"-";"-";"-";"-";"...";"-";"...";"-";"-";"2250";"-";"-";"-";"-";"-";"-";"-";"-";"14298";"-";"-";"-";"-";"-";"-";"12800";"-";"-";"-";"-";"-";"-";"1125";"-";"-";"-";"-";"-";"140634";"-";"-";"-";"-";"-";"-";"-";"115200";"4500";"570";"10832";"1050";"-";"-";"-";"-"
"5200209";"Água Limpa (GO)";"-";"-";"-";"...";"-";"-";"-";"-";"-";"-";"-";"-";"-";"-";"-";"...";"-";"-";"-";"-";"...";"-";"...";"-";"-";"-";"-";"-";"-";"-";"-";"-";"-";"-";"-";"-";"-";"-";"-";"-";"-";"-";"-";"-";"-";"-";"-";"-";"-";"-";"-";"-";"-";"-";"474";"-";"-";"-";"-";"-";"-";"-";"349";"-";"-";"-";"-";"-";"-";"-";"-"
"5200258";"Águas Lindas de Goiás (GO)";"-";"-";"-";"...";"-";"-";"-";"-";"-";"-";"-";"-";"-";"-";"-";"...";"-";"-";"-";"-";"...";"-";"...";"-";"-";"-";"-";"-";"-";"-";"-";"-";"-";"-";"-";"-";"-";"-";"156";"-";"-";"-";"-";"-";"-";"-";"-";"-";"780";"-";"26";"-";"-";"-";"1770";"-";"-";"-";"-";"-";"-";"-";"1368";"440";"-";"-";"-";"-";"-";"-";"-"
"5200308";"Alexânia (GO)";"-";"-";"-";"...";"-";"-";"-";"-";"-";"-";"-";"-";"-";"-";"-";"...";"-";"-";"-";"-";"...";"-";"...";"-";"-";"-";"-";"-";"-";"-";"-";"-";"-";"-";"448";"-";"-";"-";"-";"-";"-";"-";"200";"-";"-";"-";"-";"-";"1760";"-";"-";"-";"-";"-";"20520";"-";"-";"-";"-";"-";"-";"-";"17658";"3150";"750";"12350";"-";"-";"-";"-";"-"
"5200506";"Aloândia (GO)";"-";"-";"-";"...";"-";"-";"-";"-";"-";"-";"-";"61";"-";"-";"-";"...";"-";"-";"-";"-";"...";"-";"...";"-";"-";"-";"-";"-";"-";"-";"-";"-";"-";"-";"-";"-";"-";"-";"-";"-";"-";"-";"-";"-";"-";"-";"-";"-";"135";"-";"-";"-";"-";"-";"3538";"-";"-";"-";"-";"-";"-";"-";"7000";"1850";"-";"-";"-";"-";"-";"-";"-"
"5200555";"Alto Horizonte (GO)";"-";"-";"-";"...";"-";"-";"-";"-";"-";"-";"-";"120";"-";"-";"-";"...";"-";"-";"-";"-";"...";"288";"...";"-";"-";"-";"-";"-";"-";"-";"-";"-";"-";"-";"-";"-";"-";"-";"-";"-";"-";"-";"-";"-";"-";"-";"-";"-";"228";"-";"-";"-";"-";"-";"612";"-";"120";"-";"-";"-";"-";"-";"1160";"-";"-";"-";"-";"-";"-";"-";"-"
"5200605";"Alto Paraíso de Goiás (GO)";"-";"-";"-";"...";"-";"-";"-";"-";"-";"-";"-";"-";"-";"-";"-";"...";"-";"-";"-";"-";"...";"-";"...";"-";"-";"-";"-";"-";"-";"-";"-";"-";"-";"-";"14551";"-";"-";"-";"-";"-";"-";"-";"-";"-";"-";"-";"-";"-";"600";"-";"-";"-";"-";"-";"45990";"-";"-";"-";"-";"-";"-";"-";"26206";"1080";"-";"-";"300";"-";"-";"-";"-"
"5200803";"Alvorada do Norte (GO)";"-";"-";"-";"...";"-";"-";"-";"-";"-";"-";"-";"31";"-";"-";"-";"...";"-";"-";"-";"-";"...";"-";"...";"-";"-";"-";"-";"-";"-";"-";"-";"-";"-";"-";"240";"-";"-";"-";"-";"-";"-";"1317";"-";"-";"-";"-";"-";"-";"-";"-";"-";"-";"-";"-";"3600";"-";"-";"-";"-";"-";"-";"-";"7410";"-";"-";"-";"-";"-";"-";"-";"-"
"5200829";"Amaralina (GO)";"-";"-";"-";"...";"-";"-";"-";"-";"-";"-";"-";"95";"-";"-";"-";"...";"-";"-";"-";"-";"...";"432";"...";"-";"-";"-";"-";"-";"-";"-";"-";"-";"-";"-";"-";"-";"-";"-";"-";"-";"-";"-";"-";"-";"-";"-";"-";"-";"285";"-";"-";"-";"-";"-";"1100";"-";"-";"-";"-";"-";"-";"-";"13200";"1280";"-";"-";"-";"-";"-";"-";"-"
"5200852";"Americano do Brasil (GO)";"-";"-";"-";"...";"-";"-";"-";"-";"125";"-";"-";"2288";"-";"-";"-";"...";"-";"104";"104";"-";"...";"29000";"...";"-";"-";"-";"-";"-";"-";"-";"-";"-";"-";"-";"136";"-";"-";"-";"-";"-";"-";"-";"-";"-";"-";"-";"-";"-";"-";"-";"-";"-";"-";"-";"2800";"-";"-";"-";"-";"-";"-";"-";"800";"-";"-";"-";"-";"-";"-";"-";"-"
"5200902";"Amorinópolis (GO)";"-";"-";"-";"...";"-";"-";"-";"-";"-";"-";"-";"-";"-";"-";"-";"...";"-";"-";"-";"-";"...";"-";"...";"-";"-";"-";"-";"-";"-";"-";"-";"-";"-";"-";"-";"-";"-";"-";"-";"-";"-";"-";"-";"-";"-";"-";"-";"-";"800";"-";"-";"-";"-";"-";"-";"-";"-";"-";"-";"-";"-";"-";"14040";"-";"-";"-";"-";"-";"-";"-";"-"
"5201108";"Anápolis (GO)";"-";"-";"-";"...";"-";"-";"-";"-";"60";"-";"-";"32551";"-";"-";"1376";"...";"-";"112";"112";"-";"...";"-";"...";"-";"-";"-";"-";"-";"-";"-";"-";"-";"-";"-";"-";"-";"-";"-";"-";"-";"-";"6233";"360";"-";"-";"-";"-";"-";"3100";"-";"-";"-";"-";"-";"9412";"-";"-";"-";"-";"-";"-";"-";"8100";"2250";"5100";"4750";"-";"-";"-";"-";"-"
"5201207";"Anhanguera (GO)";"-";"-";"-";"...";"-";"-";"-";"-";"-";"-";"-";"-";"-";"-";"-";"...";"-";"-";"-";"-";"...";"270";"...";"-";"-";"-";"-";"-";"-";"-";"-";"-";"-";"-";"-";"-";"-";"-";"-";"-";"-";"-";"-";"-";"-";"-";"-";"-";"-";"-";"-";"-";"-";"-";"-";"-";"-";"-";"-";"-";"-";"-";"-";"-";"-";"-";"-";"-";"-";"-";"-"
"5201306";"Anicuns (GO)";"-";"-";"-";"...";"-";"-";"-";"-";"140";"-";"-";"7550";"-";"-";"-";"...";"-";"277";"277";"-";"...";"676000";"...";"-";"-";"-";"-";"-";"-";"-";"-";"-";"-";"-";"-";"-";"-";"-";"-";"-";"-";"-";"-";"-";"-";"-";"-";"-";"1470";"-";"-";"-";"-";"-";"11000";"-";"-";"-";"-";"-";"-";"-";"7100";"1278";"-";"-";"-";"-";"-";"-";"-"
"5201405";"Aparecida de Goiânia (GO)";"-";"-";"-";"...";"-";"-";"-";"-";"-";"-";"-";"300";"-";"-";"-";"...";"-";"-";"-";"-";"...";"750";"...";"-";"-";"-";"-";"-";"-";"-";"-";"-";"-";"-";"-";"-";"-";"-";"-";"-";"-";"100";"-";"-";"-";"-";"-";"-";"480";"-";"-";"-";"-";"-";"360";"-";"-";"-";"-";"-";"-";"-";"-";"-";"-";"-";"-";"-";"-";"-";"-"
"5201454";"Aparecida do Rio Doce (GO)";"-";"-";"-";"...";"-";"-";"-";"-";"-";"-";"-";"-";"-";"-";"-";"...";"-";"-";"-";"-";"...";"-";"...";"-";"-";"-";"-";"-";"-";"-";"-";"-";"-";"-";"-";"-";"-";"-";"-";"-";"-";"-";"-";"-";"-";"-";"-";"-";"-";"-";"-";"-";"-";"-";"2680";"-";"-";"-";"-";"-";"-";"-";"2870";"-";"-";"-";"-";"-";"-";"-";"-"
"5201504";"Aporé (GO)";"-";"-";"-";"...";"-";"-";"-";"-";"-";"-";"-";"-";"-";"-";"-";"...";"-";"-";"-";"-";"...";"1593000";"...";"-";"-";"-";"-";"-";"-";"-";"-";"-";"-";"-";"-";"-";"-";"-";"-";"-";"-";"-";"-";"-";"-";"-";"-";"-";"-";"-";"-";"-";"-";"-";"13125";"-";"-";"-";"-";"-";"-";"-";"24670";"-";"-";"-";"-";"-";"-";"-";"-"
"5201603";"Araçu (GO)";"-";"-";"-";"...";"-";"-";"-";"-";"-";"-";"-";"2900";"-";"-";"-";"...";"-";"-";"-";"-";"...";"16878";"...";"-";"-";"-";"-";"-";"-";"-";"-";"-";"-";"-";"-";"-";"-";"-";"-";"-";"-";"-";"-";"-";"-";"-";"-";"-";"884";"-";"-";"-";"-";"-";"1064";"-";"-";"-";"-";"-";"-";"-";"1882";"520";"-";"-";"-";"-";"-";"-";"-"
"5201702";"Aragarças (GO)";"-";"-";"-";"...";"-";"-";"-";"-";"-";"-";"-";"-";"-";"-";"-";"...";"-";"-";"-";"-";"...";"62901";"...";"-";"-";"-";"-";"-";"-";"-";"-";"-";"-";"-";"-";"-";"-";"-";"-";"-";"-";"-";"-";"-";"-";"-";"-";"-";"525";"-";"-";"-";"-";"-";"-";"-";"-";"-";"-";"-";"-";"-";"-";"-";"-";"-";"-";"-";"-";"-";"-"
"5201801";"Aragoiânia (GO)";"-";"-";"-";"...";"-";"-";"-";"-";"-";"-";"-";"40";"-";"-";"-";"...";"-";"-";"-";"-";"...";"1426";"...";"-";"-";"-";"-";"-";"-";"-";"-";"-";"-";"-";"-";"-";"-";"-";"-";"-";"-";"-";"-";"-";"-";"-";"-";"-";"504";"-";"-";"-";"-";"-";"1005";"-";"-";"-";"-";"-";"-";"-";"84";"-";"-";"-";"-";"-";"-";"-";"132"
"5202155";"Araguapaz (GO)";"-";"-";"-";"...";"-";"-";"-";"-";"-";"-";"-";"48";"-";"-";"-";"...";"-";"-";"-";"-";"...";"-";"...";"-";"-";"-";"-";"-";"-";"-";"-";"-";"-";"-";"-";"-";"-";"-";"-";"-";"-";"-";"-";"-";"-";"-";"-";"-";"320";"-";"-";"-";"-";"-";"1000";"-";"-";"-";"-";"-";"-";"-";"3105";"-";"-";"-";"-";"-";"-";"-";"-"
"5202353";"Arenópolis (GO)";"-";"-";"-";"...";"-";"-";"-";"-";"-";"-";"-";"476";"-";"-";"-";"...";"-";"-";"-";"-";"...";"-";"...";"-";"-";"-";"-";"-";"-";"-";"-";"-";"-";"-";"-";"-";"-";"-";"-";"-";"-";"-";"-";"-";"-";"-";"-";"-";"525";"-";"-";"-";"-";"-";"-";"-";"85";"-";"-";"-";"-";"-";"24960";"-";"-";"-";"-";"-";"-";"-";"-"
"5202502";"Aruanã (GO)";"-";"-";"-";"...";"-";"-";"-";"-";"-";"-";"-";"-";"-";"-";"-";"...";"-";"-";"-";"-";"...";"-";"...";"-";"-";"-";"-";"-";"-";"-";"-";"-";"-";"-";"-";"-";"-";"-";"-";"-";"-";"-";"-";"-";"-";"-";"-";"-";"180";"-";"-";"-";"-";"-";"1500";"-";"-";"-";"-";"-";"-";"-";"20800";"-";"-";"-";"-";"-";"-";"-";"-"
"5202601";"Aurilândia (GO)";"-";"-";"-";"...";"-";"-";"-";"-";"-";"-";"-";"-";"-";"-";"-";"...";"-";"-";"-";"-";"...";"-";"...";"-";"-";"-";"-";"-";"-";"-";"-";"-";"-";"-";"-";"-";"-";"-";"-";"-";"-";"-";"-";"-";"-";"-";"-";"-";"1110";"-";"-";"-";"-";"-";"-";"-";"1275";"-";"-";"-";"-";"-";"-";"-";"-";"-";"-";"-";"-";"-";"-"
"5202809";"Avelinópolis (GO)";"-";"-";"-";"...";"-";"-";"-";"-";"-";"-";"-";"1010";"-";"-";"-";"...";"-";"210";"210";"-";"...";"110460";"...";"-";"-";"-";"-";"-";"-";"-";"-";"-";"-";"-";"-";"-";"-";"-";"-";"-";"-";"293";"-";"-";"-";"-";"-";"-";"-";"-";"-";"-";"-";"-";"708";"-";"-";"-";"-";"-";"-";"-";"2400";"2500";"-";"-";"-";"-";"-";"-";"-"
"5203104";"Baliza (GO)";"-";"-";"-";"...";"-";"-";"-";"-";"-";"-";"-";"357";"-";"-";"-";"...";"-";"-";"-";"-";"...";"-";"...";"-";"-";"-";"-";"-";"-";"-";"-";"-";"-";"-";"-";"-";"-";"-";"-";"-";"-";"-";"-";"-";"-";"-";"-";"-";"860";"-";"-";"-";"-";"-";"-";"-";"-";"-";"-";"-";"-";"-";"24360";"-";"-";"-";"-";"-";"-";"-";"-"
"5203203";"Barro Alto (GO)";"-";"-";"-";"...";"-";"-";"-";"-";"-";"-";"-";"360";"-";"-";"4550";"...";"-";"-";"-";"-";"...";"532800";"...";"-";"-";"-";"-";"-";"-";"-";"-";"-";"-";"-";"-";"-";"-";"-";"-";"-";"-";"-";"-";"-";"-";"-";"-";"-";"228";"-";"-";"-";"-";"-";"3330";"-";"-";"-";"-";"-";"-";"-";"5320";"-";"-";"-";"-";"-";"-";"-";"-"
"5203302";"Bela Vista de Goiás (GO)";"-";"-";"-";"...";"-";"-";"-";"-";"-";"-";"-";"-";"-";"-";"154";"...";"-";"-";"-";"-";"...";"-";"...";"-";"-";"-";"-";"-";"-";"96";"-";"-";"-";"-";"-";"-";"-";"2380";"-";"-";"-";"560";"-";"-";"-";"-";"-";"-";"8320";"-";"64";"-";"-";"-";"64800";"-";"85";"-";"-";"-";"-";"-";"53760";"3200";"385";"11725";"-";"-";"-";"-";"-"
"5203401";"Bom Jardim de Goiás (GO)";"-";"300";"-";"...";"-";"-";"-";"-";"-";"-";"-";"594";"-";"-";"-";"...";"-";"-";"-";"-";"...";"-";"...";"-";"-";"-";"-";"-";"-";"-";"-";"-";"-";"-";"-";"-";"-";"-";"-";"-";"-";"-";"-";"-";"-";"-";"380";"-";"1540";"-";"-";"-";"-";"-";"-";"-";"-";"-";"-";"-";"-";"-";"34104";"-";"-";"-";"-";"-";"-";"-";"-"
"5203500";"Bom Jesus de Goiás (GO)";"-";"-";"-";"...";"-";"-";"-";"-";"-";"-";"-";"26";"-";"-";"-";"...";"-";"-";"-";"-";"...";"2538000";"...";"-";"-";"-";"-";"-";"-";"-";"-";"-";"-";"-";"396";"-";"-";"600";"-";"-";"-";"-";"-";"-";"-";"-";"-";"-";"160";"-";"-";"-";"-";"-";"246000";"-";"-";"-";"-";"-";"-";"-";"168740";"12000";"-";"-";"-";"-";"-";"-";"-"
"5203559";"Bonfinópolis (GO)";"-";"-";"-";"...";"-";"-";"-";"-";"-";"-";"-";"-";"-";"-";"-";"...";"-";"-";"-";"-";"...";"-";"...";"-";"-";"-";"-";"-";"-";"-";"-";"-";"-";"-";"-";"-";"-";"-";"-";"-";"-";"3480";"-";"-";"-";"-";"-";"-";"140";"-";"-";"-";"-";"-";"1440";"-";"-";"-";"-";"-";"-";"-";"990";"-";"100";"1050";"-";"-";"-";"-";"-"
"5203575";"Bonópolis (GO)";"-";"-";"-";"...";"-";"-";"-";"-";"47";"-";"-";"-";"-";"-";"-";"...";"-";"-";"-";"-";"...";"-";"...";"-";"-";"-";"-";"-";"-";"-";"-";"-";"-";"-";"1095";"-";"-";"-";"-";"-";"-";"-";"-";"-";"-";"-";"-";"-";"1358";"-";"-";"-";"-";"-";"3554";"-";"-";"-";"-";"-";"-";"-";"29281";"435";"-";"-";"-";"-";"-";"-";"-"
"5203609";"Brazabrantes (GO)";"-";"-";"-";"...";"-";"-";"-";"-";"64";"-";"-";"380";"-";"-";"125";"...";"-";"-";"-";"-";"...";"-";"...";"-";"-";"-";"-";"-";"-";"370";"-";"-";"-";"-";"-";"-";"-";"-";"-";"-";"-";"1236";"-";"-";"-";"-";"-";"-";"-";"-";"-";"-";"-";"-";"696";"-";"-";"-";"-";"-";"-";"-";"30";"-";"86";"-";"-";"-";"-";"-";"-"
"5203807";"Britânia (GO)";"-";"-";"-";"...";"-";"-";"-";"-";"-";"-";"-";"-";"-";"-";"-";"...";"-";"-";"-";"-";"...";"-";"...";"-";"-";"-";"-";"-";"-";"-";"-";"-";"-";"-";"4620";"-";"-";"-";"-";"-";"-";"-";"-";"-";"-";"-";"-";"-";"275";"-";"-";"-";"-";"-";"-";"-";"-";"-";"-";"-";"-";"-";"8700";"-";"-";"-";"-";"-";"-";"-";"-"
"5203906";"Buriti Alegre (GO)";"-";"-";"-";"...";"-";"-";"-";"-";"9";"-";"-";"7520";"-";"-";"-";"...";"-";"-";"-";"-";"...";"187000";"...";"-";"-";"-";"-";"-";"-";"-";"-";"-";"-";"-";"-";"-";"-";"1820";"-";"-";"-";"160";"-";"-";"-";"-";"-";"-";"-";"-";"-";"-";"-";"-";"35920";"-";"-";"-";"-";"-";"-";"-";"33350";"4000";"-";"300";"-";"-";"-";"-";"-"
"5203939";"Buriti de Goiás (GO)";"-";"-";"-";"...";"-";"-";"-";"-";"-";"-";"-";"405";"-";"-";"-";"...";"-";"-";"-";"-";"...";"-";"...";"-";"-";"-";"-";"-";"-";"-";"-";"-";"-";"-";"-";"-";"-";"-";"-";"-";"-";"-";"-";"-";"-";"-";"-";"-";"180";"-";"-";"-";"-";"-";"800";"-";"-";"-";"-";"-";"-";"-";"-";"-";"-";"-";"-";"-";"-";"-";"-"
"5203962";"Buritinópolis (GO)";"-";"-";"-";"...";"-";"-";"-";"-";"-";"-";"-";"-";"-";"-";"-";"...";"-";"-";"-";"-";"...";"-";"...";"-";"-";"-";"-";"-";"-";"-";"-";"-";"-";"-";"-";"-";"-";"-";"-";"-";"-";"-";"-";"-";"-";"-";"-";"-";"-";"-";"-";"-";"-";"-";"-";"-";"-";"-";"-";"-";"-";"-";"-";"-";"-";"-";"-";"-";"-";"-";"-"
"5204003";"Cabeceiras (GO)";"-";"-";"-";"...";"-";"-";"1460";"-";"-";"-";"-";"-";"-";"-";"-";"...";"-";"3670";"3670";"-";"...";"-";"...";"-";"-";"4933";"-";"-";"-";"-";"-";"-";"-";"-";"9300";"-";"-";"-";"-";"-";"-";"-";"-";"-";"-";"-";"-";"-";"299";"-";"27";"-";"-";"-";"113584";"-";"-";"-";"-";"-";"-";"-";"100800";"7200";"-";"-";"5040";"-";"-";"-";"-"
"5204102";"Cachoeira Alta (GO)";"-";"-";"-";"...";"-";"-";"-";"-";"-";"-";"-";"-";"-";"-";"350";"...";"-";"-";"-";"-";"...";"665591";"...";"-";"-";"-";"-";"-";"-";"-";"-";"-";"-";"-";"-";"-";"-";"-";"-";"-";"-";"-";"-";"-";"-";"-";"-";"-";"-";"-";"-";"-";"-";"-";"300";"-";"-";"-";"-";"-";"-";"-";"-";"-";"-";"-";"-";"-";"-";"-";"-"
"5204201";"Cachoeira de Goiás (GO)";"-";"-";"-";"...";"-";"-";"-";"-";"-";"-";"-";"-";"-";"-";"-";"...";"-";"-";"-";"-";"...";"-";"...";"-";"-";"-";"-";"-";"-";"300";"-";"-";"-";"-";"-";"-";"-";"-";"-";"-";"-";"-";"-";"-";"-";"-";"-";"-";"350";"-";"-";"-";"-";"-";"-";"-";"-";"-";"-";"-";"-";"-";"-";"-";"-";"-";"-";"-";"-";"-";"-"
"5204250";"Cachoeira Dourada (GO)";"-";"-";"-";"...";"-";"-";"-";"-";"-";"-";"-";"122";"-";"-";"147";"...";"-";"-";"-";"-";"...";"1296493";"...";"-";"-";"-";"-";"-";"-";"-";"-";"-";"-";"-";"-";"-";"-";"70";"-";"-";"-";"400";"-";"-";"-";"-";"-";"-";"90";"-";"-";"-";"-";"-";"13580";"-";"-";"-";"-";"-";"-";"-";"18900";"4000";"-";"-";"-";"-";"-";"-";"-"
"5204300";"Caçu (GO)";"-";"-";"-";"...";"-";"-";"-";"-";"-";"-";"-";"-";"-";"-";"-";"...";"-";"-";"-";"-";"...";"1634799";"...";"-";"-";"-";"-";"-";"-";"-";"-";"-";"-";"-";"-";"-";"-";"-";"-";"-";"-";"-";"-";"-";"-";"-";"-";"-";"-";"-";"-";"-";"-";"-";"6285";"-";"-";"-";"-";"-";"-";"-";"4050";"-";"-";"-";"-";"-";"-";"-";"-"
"5204409";"Caiapônia (GO)";"-";"756";"-";"...";"-";"7280";"-";"-";"-";"-";"-";"-";"-";"-";"-";"...";"-";"-";"-";"-";"...";"-";"...";"-";"-";"-";"-";"-";"-";"-";"-";"-";"-";"-";"4165";"-";"-";"-";"-";"-";"-";"-";"-";"-";"-";"-";"-";"-";"-";"-";"-";"-";"999";"-";"209550";"-";"-";"-";"-";"-";"-";"-";"118600";"6860";"-";"-";"-";"-";"-";"-";"-"
"5204508";"Caldas Novas (GO)";"-";"110";"-";"...";"-";"-";"-";"-";"31";"-";"-";"131";"-";"-";"-";"...";"-";"-";"-";"-";"...";"375";"...";"-";"-";"-";"-";"-";"-";"520";"-";"-";"-";"-";"224";"-";"-";"3600";"-";"-";"-";"11600";"55";"-";"-";"-";"-";"-";"750";"-";"-";"-";"-";"-";"78100";"-";"-";"-";"-";"-";"-";"-";"115500";"16920";"-";"8400";"-";"-";"-";"-";"-"
"5204557";"Caldazinha (GO)";"-";"-";"-";"...";"-";"-";"-";"-";"-";"-";"-";"75";"-";"-";"-";"...";"-";"12";"12";"-";"...";"-";"...";"-";"-";"-";"-";"-";"-";"-";"-";"-";"-";"-";"-";"-";"-";"-";"-";"-";"-";"180";"-";"-";"-";"-";"-";"-";"825";"-";"-";"-";"-";"-";"1950";"-";"-";"-";"-";"-";"-";"-";"840";"-";"54";"-";"-";"-";"-";"-";"-"
"5204607";"Campestre de Goiás (GO)";"-";"-";"-";"...";"-";"-";"-";"-";"120";"-";"-";"-";"-";"-";"-";"...";"-";"-";"-";"-";"...";"-";"...";"-";"-";"-";"-";"-";"-";"-";"-";"-";"-";"-";"-";"-";"-";"-";"-";"-";"-";"-";"-";"-";"-";"-";"-";"-";"-";"-";"-";"-";"-";"-";"3245";"-";"-";"-";"-";"-";"-";"-";"2950";"-";"-";"-";"-";"-";"-";"-";"-"
"5204656";"Campinaçu (GO)";"-";"-";"-";"...";"-";"-";"-";"-";"128";"-";"-";"-";"-";"-";"-";"...";"-";"-";"-";"-";"...";"-";"...";"-";"-";"-";"-";"-";"-";"-";"-";"-";"-";"-";"-";"-";"-";"-";"-";"-";"-";"-";"-";"-";"-";"-";"-";"-";"1272";"-";"-";"-";"-";"-";"1017";"-";"-";"-";"-";"-";"-";"-";"6058";"-";"-";"-";"-";"-";"-";"-";"-"
"5204706";"Campinorte (GO)";"-";"-";"-";"...";"-";"-";"-";"-";"-";"-";"-";"165";"-";"-";"-";"...";"-";"-";"-";"-";"...";"132000";"...";"-";"-";"-";"-";"-";"-";"180";"-";"-";"-";"-";"-";"-";"-";"-";"-";"-";"-";"-";"-";"-";"-";"-";"-";"-";"285";"78";"-";"-";"-";"-";"2900";"-";"-";"-";"-";"-";"-";"-";"28500";"3150";"-";"-";"-";"-";"-";"-";"-"
"5204805";"Campo Alegre de Goiás (GO)";"-";"-";"-";"...";"-";"-";"3864";"-";"-";"-";"-";"-";"-";"23240";"42";"...";"-";"2608";"2608";"-";"...";"107000";"...";"-";"-";"1665";"-";"-";"-";"-";"-";"-";"-";"-";"14640";"-";"-";"210";"-";"-";"-";"-";"-";"-";"-";"-";"-";"-";"3040";"-";"180";"-";"-";"-";"90000";"-";"-";"-";"-";"-";"-";"-";"205500";"33600";"-";"5600";"2460";"-";"-";"-";"-"
"5204854";"Campo Limpo de Goiás (GO)";"-";"-";"-";"...";"-";"-";"-";"-";"180";"-";"-";"3392";"-";"-";"-";"...";"-";"70";"70";"-";"...";"-";"...";"-";"-";"-";"-";"-";"-";"-";"-";"-";"-";"-";"-";"-";"-";"-";"-";"-";"-";"810";"78";"-";"-";"-";"-";"-";"2170";"-";"-";"-";"-";"-";"2232";"-";"-";"-";"-";"-";"-";"-";"1458";"-";"2400";"-";"-";"-";"-";"-";"-"
"5204904";"Campos Belos (GO)";"-";"-";"-";"...";"-";"-";"-";"-";"-";"-";"-";"-";"-";"-";"-";"...";"-";"-";"-";"-";"...";"-";"...";"-";"-";"-";"-";"-";"-";"-";"-";"-";"-";"-";"-";"-";"-";"-";"-";"-";"-";"-";"-";"-";"-";"-";"-";"-";"-";"-";"-";"-";"-";"-";"-";"-";"-";"-";"-";"-";"-";"-";"-";"-";"-";"-";"-";"-";"-";"-";"-"
"5204953";"Campos Verdes (GO)";"-";"-";"-";"...";"-";"-";"-";"-";"-";"-";"-";"60";"-";"-";"-";"...";"-";"-";"-";"-";"...";"-";"...";"-";"-";"-";"-";"-";"-";"-";"-";"-";"-";"-";"-";"-";"-";"-";"-";"-";"-";"-";"-";"-";"-";"-";"-";"-";"171";"-";"-";"-";"-";"-";"293";"-";"-";"-";"-";"-";"-";"-";"-";"-";"-";"-";"-";"-";"-";"-";"-"
"5205000";"Carmo do Rio Verde (GO)";"-";"-";"-";"...";"-";"-";"-";"-";"-";"-";"-";"1500";"-";"-";"-";"...";"-";"-";"-";"-";"...";"644000";"...";"-";"-";"-";"-";"-";"-";"-";"-";"-";"-";"-";"-";"-";"-";"-";"-";"-";"-";"-";"-";"-";"-";"-";"-";"-";"-";"-";"2400";"-";"22000";"-";"2470";"-";"-";"-";"-";"-";"-";"-";"-";"-";"-";"-";"-";"-";"-";"-";"-"
"5205059";"Castelândia (GO)";"-";"-";"-";"...";"-";"-";"-";"-";"-";"-";"-";"-";"-";"-";"-";"...";"-";"-";"-";"-";"...";"399000";"...";"-";"-";"-";"-";"-";"-";"-";"-";"-";"-";"-";"-";"-";"-";"-";"-";"-";"-";"-";"-";"-";"-";"-";"-";"-";"140";"-";"-";"-";"-";"-";"12000";"-";"-";"-";"-";"-";"-";"-";"6630";"-";"-";"-";"-";"-";"-";"-";"-"
"5205109";"Catalão (GO)";"90";"-";"-";"...";"-";"-";"650";"-";"-";"-";"-";"-";"-";"-";"-";"...";"-";"1000";"1000";"-";"...";"64000";"...";"-";"-";"210";"-";"-";"-";"-";"-";"-";"-";"-";"8100";"-";"-";"2310";"-";"-";"-";"9000";"-";"-";"-";"-";"-";"-";"2250";"-";"-";"-";"-";"-";"100000";"-";"-";"-";"-";"-";"-";"-";"359700";"48000";"-";"2933";"15680";"-";"-";"-";"-"
"5205208";"Caturaí (GO)";"-";"-";"-";"...";"-";"-";"-";"-";"150";"-";"-";"-";"-";"-";"-";"...";"-";"-";"-";"-";"...";"71725";"...";"-";"-";"-";"-";"-";"-";"-";"-";"-";"-";"-";"-";"-";"-";"-";"-";"-";"-";"-";"-";"-";"-";"-";"-";"-";"-";"-";"-";"-";"-";"-";"3100";"-";"-";"-";"-";"-";"-";"-";"502";"-";"-";"-";"-";"-";"-";"-";"-"
"5205307";"Cavalcante (GO)";"-";"-";"-";"...";"-";"-";"-";"-";"-";"-";"-";"120";"-";"-";"-";"...";"-";"-";"-";"-";"...";"-";"...";"-";"-";"-";"-";"-";"-";"-";"-";"-";"-";"-";"-";"-";"-";"-";"-";"-";"-";"-";"-";"-";"-";"-";"-";"-";"3267";"-";"-";"-";"-";"-";"-";"-";"-";"-";"-";"-";"-";"-";"-";"-";"-";"-";"-";"-";"-";"-";"-"
"5205406";"Ceres (GO)";"-";"-";"-";"...";"-";"-";"-";"-";"57";"-";"-";"4200";"-";"-";"-";"...";"-";"-";"-";"-";"...";"31961";"...";"-";"-";"-";"-";"-";"-";"-";"-";"-";"-";"-";"-";"-";"-";"-";"-";"-";"-";"-";"-";"-";"-";"-";"-";"-";"600";"-";"-";"-";"3780";"-";"2665";"-";"-";"-";"-";"-";"-";"-";"210";"-";"-";"-";"-";"-";"-";"-";"-"
"5205455";"Cezarina (GO)";"-";"-";"-";"...";"-";"-";"-";"-";"-";"-";"-";"-";"-";"-";"-";"...";"-";"-";"-";"-";"...";"1056";"...";"-";"-";"-";"-";"-";"-";"250";"-";"-";"-";"-";"98";"-";"-";"-";"-";"-";"-";"110";"-";"-";"-";"-";"-";"-";"392";"-";"-";"-";"-";"-";"4270";"-";"-";"-";"-";"-";"-";"-";"6237";"506";"-";"6250";"-";"-";"-";"-";"-"
"5205471";"Chapadão do Céu (GO)";"-";"-";"-";"...";"-";"50180";"-";"-";"-";"-";"-";"-";"-";"-";"-";"...";"-";"-";"-";"-";"...";"3025000";"...";"-";"-";"-";"-";"-";"-";"-";"-";"-";"-";"-";"3255";"-";"-";"512";"-";"-";"-";"-";"-";"-";"-";"-";"-";"-";"-";"-";"-";"-";"-";"-";"479230";"-";"-";"-";"-";"-";"-";"-";"333700";"2780";"-";"-";"-";"-";"-";"-";"-"
"5205497";"Cidade Ocidental (GO)";"-";"-";"-";"...";"-";"-";"-";"-";"-";"-";"-";"-";"-";"-";"-";"...";"-";"-";"-";"-";"...";"-";"...";"-";"-";"-";"-";"-";"-";"-";"-";"-";"-";"-";"-";"-";"-";"-";"-";"-";"-";"-";"-";"-";"-";"-";"-";"-";"-";"-";"-";"170";"-";"-";"21500";"-";"-";"-";"-";"-";"-";"-";"10880";"695";"178";"-";"-";"-";"-";"-";"-"
"5205513";"Cocalzinho de Goiás (GO)";"-";"-";"-";"...";"-";"-";"-";"-";"210";"-";"-";"315";"-";"-";"32";"...";"-";"-";"-";"-";"...";"-";"...";"-";"-";"-";"-";"-";"-";"-";"-";"-";"-";"-";"-";"-";"-";"-";"-";"-";"-";"-";"-";"-";"-";"-";"-";"-";"3360";"-";"-";"-";"-";"-";"20016";"-";"-";"-";"-";"-";"-";"-";"34880";"900";"-";"-";"-";"-";"-";"-";"18"
"5205521";"Colinas do Sul (GO)";"-";"-";"-";"...";"-";"-";"-";"-";"-";"-";"-";"58";"-";"-";"-";"...";"-";"-";"-";"-";"...";"336";"...";"-";"-";"-";"-";"-";"-";"-";"-";"-";"-";"-";"-";"-";"-";"-";"-";"-";"-";"-";"-";"-";"-";"-";"-";"-";"342";"-";"-";"-";"-";"-";"230";"-";"-";"-";"-";"-";"-";"-";"-";"-";"-";"-";"-";"-";"-";"-";"-"
"5205703";"Córrego do Ouro (GO)";"-";"-";"-";"...";"-";"-";"-";"-";"-";"-";"-";"420";"-";"-";"-";"...";"-";"-";"-";"-";"...";"-";"...";"-";"-";"-";"-";"-";"-";"-";"-";"-";"-";"-";"-";"-";"-";"-";"-";"-";"-";"-";"-";"-";"-";"-";"-";"-";"300";"-";"-";"-";"-";"-";"500";"-";"-";"-";"-";"-";"-";"-";"-";"-";"-";"-";"-";"-";"-";"-";"-"
"5205802";"Corumbá de Goiás (GO)";"-";"-";"-";"...";"-";"-";"-";"-";"-";"-";"-";"420";"-";"-";"-";"...";"-";"-";"-";"-";"...";"-";"...";"-";"-";"-";"-";"-";"-";"-";"-";"-";"-";"-";"364";"-";"-";"-";"-";"-";"-";"-";"-";"-";"-";"-";"-";"-";"2880";"-";"-";"-";"-";"-";"3960";"-";"-";"-";"-";"-";"-";"-";"19200";"900";"-";"10320";"-";"-";"-";"-";"-"
"5205901";"Corumbaíba (GO)";"-";"-";"-";"...";"-";"-";"-";"-";"-";"-";"-";"-";"-";"-";"-";"...";"-";"-";"-";"-";"...";"3750";"...";"-";"-";"-";"-";"-";"-";"-";"-";"-";"-";"-";"168";"-";"-";"648";"-";"-";"-";"-";"-";"-";"-";"-";"-";"-";"600";"-";"-";"-";"-";"-";"13967";"-";"-";"-";"-";"-";"-";"-";"27000";"-";"-";"-";"-";"-";"-";"-";"-"
"5206206";"Cristalina (GO)";"-";"-";"-";"...";"-";"34467";"26000";"-";"-";"-";"-";"-";"-";"180000";"-";"...";"-";"5904";"5904";"-";"...";"-";"...";"-";"-";"152250";"-";"-";"-";"-";"-";"-";"-";"-";"47160";"-";"-";"2160";"-";"-";"-";"-";"-";"-";"-";"-";"-";"-";"-";"1050";"-";"-";"-";"-";"584000";"-";"-";"-";"-";"-";"-";"-";"694100";"28800";"-";"346500";"22198";"-";"-";"-";"220"
"5206305";"Cristianópolis (GO)";"-";"-";"-";"...";"-";"-";"-";"-";"-";"-";"-";"-";"-";"-";"-";"...";"-";"-";"-";"-";"...";"-";"...";"-";"-";"-";"-";"-";"-";"-";"-";"-";"-";"-";"-";"-";"-";"180";"-";"-";"-";"-";"-";"-";"-";"-";"-";"-";"185";"-";"-";"-";"-";"-";"4840";"-";"-";"-";"-";"-";"-";"-";"9900";"300";"-";"-";"-";"-";"-";"-";"-"
"5206404";"Crixás (GO)";"-";"-";"-";"...";"-";"-";"-";"-";"-";"-";"-";"180";"-";"-";"-";"...";"-";"-";"-";"-";"...";"960";"...";"-";"-";"-";"-";"-";"-";"100";"-";"-";"-";"-";"-";"-";"-";"-";"-";"-";"-";"-";"-";"-";"-";"-";"-";"-";"2400";"-";"-";"-";"-";"-";"2500";"-";"-";"-";"-";"-";"-";"-";"-";"-";"-";"-";"-";"-";"-";"-";"-"
"5206503";"Cromínia (GO)";"-";"-";"-";"...";"-";"-";"-";"-";"67";"-";"-";"208";"-";"-";"-";"...";"-";"-";"-";"-";"...";"-";"...";"-";"-";"-";"-";"-";"-";"-";"-";"-";"-";"-";"252";"-";"-";"-";"-";"-";"-";"396";"-";"-";"-";"-";"-";"-";"330";"-";"-";"-";"-";"-";"2551";"-";"-";"-";"-";"-";"-";"-";"1890";"151";"-";"-";"-";"-";"-";"-";"-"
"5206602";"Cumari (GO)";"-";"-";"-";"...";"-";"-";"-";"-";"-";"-";"-";"-";"-";"-";"191";"...";"-";"-";"-";"-";"...";"330";"...";"-";"-";"-";"-";"-";"-";"-";"-";"-";"-";"-";"-";"-";"-";"-";"-";"-";"-";"-";"-";"-";"-";"-";"-";"-";"67";"-";"-";"-";"-";"-";"1400";"-";"-";"-";"-";"-";"-";"-";"4950";"1152";"-";"95";"-";"-";"-";"-";"-"
"5206701";"Damianópolis (GO)";"-";"-";"-";"...";"-";"-";"-";"-";"-";"-";"-";"-";"-";"-";"-";"...";"-";"-";"-";"-";"...";"-";"...";"-";"-";"-";"-";"-";"-";"-";"-";"-";"-";"-";"-";"-";"-";"-";"-";"-";"-";"-";"-";"-";"-";"-";"-";"-";"-";"-";"-";"-";"-";"-";"-";"-";"-";"-";"-";"-";"-";"-";"-";"-";"-";"-";"-";"-";"-";"-";"-"
"5206800";"Damolândia (GO)";"-";"-";"-";"...";"-";"-";"-";"-";"156";"-";"-";"-";"-";"-";"-";"...";"-";"-";"-";"-";"...";"-";"...";"-";"-";"-";"-";"-";"-";"-";"-";"-";"-";"-";"-";"-";"-";"-";"-";"-";"-";"-";"-";"-";"-";"-";"-";"-";"-";"-";"-";"-";"-";"-";"270";"-";"-";"-";"-";"-";"-";"-";"330";"-";"315";"-";"-";"-";"-";"-";"-"
"5206909";"Davinópolis (GO)";"-";"-";"-";"...";"-";"-";"-";"-";"-";"-";"-";"-";"-";"-";"-";"...";"-";"-";"-";"-";"...";"900";"...";"-";"-";"-";"-";"-";"-";"-";"-";"-";"-";"-";"-";"-";"-";"-";"-";"-";"-";"-";"-";"-";"-";"-";"-";"-";"80";"-";"-";"-";"-";"-";"1200";"-";"-";"-";"-";"-";"-";"-";"5610";"-";"-";"-";"-";"-";"-";"-";"-"
"5207105";"Diorama (GO)";"-";"-";"-";"...";"-";"-";"-";"-";"-";"-";"-";"200";"-";"-";"-";"...";"-";"-";"-";"-";"...";"-";"...";"-";"-";"-";"-";"-";"-";"20";"-";"-";"-";"-";"-";"-";"-";"-";"-";"-";"-";"-";"-";"-";"-";"-";"-";"-";"540";"-";"-";"-";"-";"-";"2700";"-";"-";"-";"-";"-";"-";"-";"11550";"-";"-";"-";"-";"-";"-";"-";"-"
"5207253";"Doverlândia (GO)";"-";"-";"-";"...";"-";"-";"-";"-";"-";"-";"-";"-";"-";"-";"-";"...";"-";"-";"-";"-";"...";"-";"...";"-";"-";"-";"-";"-";"-";"-";"-";"-";"-";"-";"2250";"-";"-";"-";"-";"-";"-";"-";"-";"-";"-";"-";"-";"-";"-";"-";"-";"-";"-";"-";"51660";"-";"-";"-";"-";"-";"-";"-";"64380";"-";"-";"-";"-";"-";"-";"-";"-"
"5207352";"Edealina (GO)";"-";"-";"-";"...";"-";"-";"-";"-";"-";"-";"-";"-";"-";"-";"-";"...";"-";"-";"-";"-";"...";"7020";"...";"-";"-";"-";"-";"-";"-";"-";"-";"-";"-";"-";"108";"-";"-";"-";"1001";"-";"-";"-";"-";"-";"-";"-";"-";"-";"-";"-";"-";"-";"-";"-";"24888";"-";"765";"-";"-";"-";"-";"-";"70400";"16048";"-";"30000";"-";"-";"-";"-";"-"
"5207402";"Edéia (GO)";"-";"-";"-";"...";"-";"-";"-";"-";"-";"-";"-";"-";"-";"-";"521";"...";"-";"-";"-";"-";"...";"2720000";"...";"-";"-";"-";"-";"-";"-";"-";"-";"-";"-";"-";"-";"-";"-";"-";"-";"-";"-";"-";"-";"-";"-";"-";"-";"-";"-";"-";"-";"-";"-";"-";"95650";"-";"-";"-";"-";"-";"-";"-";"86100";"3300";"-";"-";"-";"-";"-";"-";"-"
"5207501";"Estrela do Norte (GO)";"-";"-";"-";"...";"-";"-";"-";"-";"20";"-";"-";"-";"-";"-";"-";"...";"-";"-";"-";"-";"...";"-";"...";"-";"-";"-";"-";"-";"-";"-";"-";"-";"-";"-";"-";"-";"-";"-";"-";"-";"-";"-";"-";"-";"-";"-";"-";"-";"532";"-";"-";"-";"-";"-";"999";"-";"-";"-";"-";"-";"-";"-";"4829";"-";"-";"-";"-";"-";"-";"-";"-"
"5207535";"Faina (GO)";"-";"-";"-";"...";"-";"-";"-";"-";"-";"-";"-";"60";"-";"-";"-";"...";"-";"-";"-";"-";"...";"-";"...";"-";"-";"-";"-";"-";"-";"-";"-";"-";"-";"-";"-";"-";"-";"-";"-";"-";"-";"-";"-";"-";"-";"-";"-";"-";"-";"-";"180";"-";"-";"-";"900";"-";"-";"-";"-";"-";"-";"-";"-";"-";"-";"-";"-";"-";"-";"-";"-"
"5207600";"Fazenda Nova (GO)";"-";"-";"-";"...";"-";"-";"-";"-";"-";"-";"-";"200";"-";"-";"-";"...";"-";"-";"-";"-";"...";"-";"...";"-";"-";"-";"-";"-";"-";"-";"-";"-";"-";"-";"-";"-";"-";"-";"-";"-";"-";"-";"-";"-";"-";"-";"-";"-";"990";"-";"-";"-";"-";"-";"-";"-";"96";"-";"-";"-";"-";"-";"-";"-";"-";"-";"-";"-";"-";"-";"-"
"5207808";"Firminópolis (GO)";"-";"-";"-";"...";"-";"-";"-";"-";"-";"-";"-";"336";"-";"-";"-";"...";"-";"-";"-";"-";"...";"-";"...";"-";"-";"-";"-";"-";"-";"-";"-";"-";"-";"-";"-";"-";"-";"-";"-";"-";"-";"-";"-";"-";"-";"-";"-";"-";"960";"-";"-";"-";"-";"-";"15000";"-";"-";"-";"-";"-";"-";"-";"19800";"-";"-";"-";"-";"-";"-";"-";"-"
"5207907";"Flores de Goiás (GO)";"-";"-";"-";"...";"-";"-";"-";"-";"86450";"-";"-";"-";"-";"-";"-";"...";"-";"-";"-";"-";"...";"-";"...";"-";"-";"-";"-";"-";"-";"-";"-";"-";"-";"-";"3270";"-";"-";"-";"-";"-";"-";"-";"-";"-";"-";"-";"-";"-";"3824";"-";"-";"-";"-";"-";"26866";"-";"-";"-";"-";"-";"-";"-";"16120";"3167";"-";"-";"750";"-";"-";"-";"-"
"5208004";"Formosa (GO)";"70";"-";"-";"...";"-";"-";"-";"-";"26500";"-";"-";"700";"-";"-";"-";"...";"-";"-";"-";"-";"...";"101116";"...";"-";"-";"-";"-";"-";"-";"-";"-";"-";"-";"-";"12002";"-";"-";"-";"-";"-";"-";"-";"-";"-";"-";"-";"-";"-";"6020";"-";"95";"-";"-";"-";"48099";"-";"-";"-";"-";"-";"-";"-";"54000";"1554";"450";"3760";"750";"-";"-";"-";"41"
"5208103";"Formoso (GO)";"-";"-";"-";"...";"-";"-";"-";"-";"161";"-";"-";"-";"-";"-";"-";"...";"-";"-";"-";"-";"...";"-";"...";"-";"-";"-";"-";"-";"-";"-";"-";"-";"-";"-";"-";"-";"-";"-";"-";"-";"-";"-";"-";"-";"-";"-";"-";"-";"978";"-";"-";"-";"-";"-";"775";"-";"-";"-";"-";"-";"-";"-";"-";"-";"-";"-";"-";"-";"-";"-";"-"
"5208152";"Gameleira de Goiás (GO)";"-";"-";"-";"...";"-";"-";"-";"-";"-";"-";"-";"-";"-";"-";"-";"...";"-";"38";"38";"-";"...";"-";"...";"-";"-";"-";"-";"-";"-";"-";"-";"-";"-";"-";"1340";"-";"-";"2070";"-";"-";"-";"2835";"-";"-";"-";"-";"-";"-";"360";"-";"75";"-";"-";"-";"94300";"-";"72";"-";"-";"-";"-";"-";"84000";"4600";"270";"17600";"-";"-";"-";"-";"-"
"5208301";"Divinópolis de Goiás (GO)";"-";"-";"-";"...";"-";"-";"-";"-";"-";"-";"-";"-";"-";"-";"-";"...";"-";"-";"-";"-";"...";"-";"...";"-";"-";"-";"-";"-";"-";"-";"-";"-";"-";"-";"-";"-";"-";"-";"-";"-";"-";"-";"-";"-";"-";"-";"-";"-";"-";"-";"-";"-";"-";"-";"-";"-";"-";"-";"-";"-";"-";"-";"-";"-";"-";"-";"-";"-";"-";"-";"-"
"5208400";"Goianápolis (GO)";"-";"-";"-";"...";"-";"-";"-";"-";"-";"-";"-";"2200";"-";"-";"-";"...";"-";"-";"-";"-";"...";"-";"...";"-";"-";"-";"-";"-";"-";"-";"-";"-";"-";"-";"-";"-";"-";"-";"-";"-";"-";"7728";"-";"-";"-";"-";"-";"-";"1240";"-";"-";"-";"-";"-";"11592";"-";"-";"-";"-";"-";"-";"-";"6270";"-";"2580";"15550";"-";"-";"-";"-";"-"
"5208509";"Goiandira (GO)";"-";"-";"-";"...";"-";"-";"-";"-";"-";"-";"-";"-";"-";"-";"-";"...";"-";"-";"-";"-";"...";"1142";"...";"-";"-";"-";"-";"-";"-";"-";"-";"-";"-";"-";"210";"-";"-";"-";"-";"-";"-";"-";"-";"-";"-";"-";"-";"-";"150";"-";"-";"-";"-";"-";"3995";"-";"-";"-";"-";"-";"-";"-";"5940";"-";"-";"-";"-";"-";"-";"-";"-"
"5208608";"Goianésia (GO)";"-";"-";"-";"...";"-";"-";"-";"-";"93";"-";"-";"1785";"-";"-";"1767";"...";"-";"-";"-";"-";"...";"1527250";"...";"-";"-";"-";"-";"-";"-";"-";"-";"-";"-";"-";"-";"-";"-";"-";"-";"-";"-";"-";"-";"-";"-";"-";"-";"-";"1061";"-";"-";"-";"-";"-";"12000";"-";"-";"-";"-";"-";"-";"-";"4200";"-";"-";"-";"-";"-";"-";"-";"-"
"5208707";"Goiânia (GO)";"-";"-";"-";"...";"-";"-";"-";"-";"15";"-";"-";"-";"-";"-";"-";"...";"-";"-";"-";"-";"...";"-";"...";"-";"-";"-";"-";"-";"-";"252";"-";"-";"-";"-";"-";"-";"-";"-";"-";"-";"-";"-";"-";"-";"-";"-";"-";"-";"179";"-";"-";"-";"-";"-";"1400";"-";"-";"-";"-";"-";"-";"-";"3312";"-";"-";"1200";"-";"-";"-";"-";"-"
"5208806";"Goianira (GO)";"-";"-";"-";"...";"-";"-";"-";"-";"-";"-";"-";"-";"-";"-";"-";"...";"-";"-";"-";"-";"...";"72904";"...";"-";"-";"-";"-";"-";"-";"-";"-";"-";"-";"-";"-";"-";"-";"-";"-";"-";"-";"-";"-";"-";"-";"-";"-";"-";"-";"-";"-";"-";"-";"-";"2300";"-";"-";"-";"-";"-";"-";"-";"6000";"4300";"-";"-";"-";"-";"-";"-";"-"
"5208905";"Goiás (GO)";"-";"-";"-";"...";"-";"-";"-";"-";"-";"-";"-";"180";"-";"-";"-";"...";"-";"-";"-";"-";"...";"8250";"...";"-";"-";"-";"-";"-";"-";"-";"-";"-";"-";"-";"2090";"-";"-";"-";"-";"-";"-";"-";"-";"-";"-";"-";"-";"-";"450";"-";"-";"-";"-";"-";"14400";"-";"-";"-";"-";"-";"-";"-";"8910";"1800";"-";"-";"-";"-";"-";"-";"-"
"5209101";"Goiatuba (GO)";"-";"-";"-";"...";"-";"5945";"-";"-";"-";"-";"-";"165";"-";"-";"40";"...";"-";"-";"-";"-";"...";"3489400";"...";"-";"-";"-";"-";"-";"-";"43";"-";"-";"-";"-";"960";"-";"-";"1200";"-";"-";"-";"624";"-";"-";"-";"-";"-";"-";"125";"-";"-";"-";"-";"-";"217000";"-";"-";"-";"-";"-";"-";"-";"220320";"54000";"-";"14400";"-";"-";"-";"-";"-"
"5209150";"Gouvelândia (GO)";"-";"-";"-";"...";"-";"-";"-";"-";"-";"-";"-";"-";"-";"-";"-";"...";"-";"-";"-";"-";"...";"2364471";"...";"-";"-";"-";"-";"-";"-";"-";"-";"-";"-";"-";"-";"-";"-";"-";"-";"-";"-";"-";"-";"-";"-";"-";"-";"-";"-";"-";"-";"-";"-";"-";"3175";"-";"-";"-";"-";"-";"-";"-";"3510";"-";"-";"-";"-";"-";"-";"-";"-"
"5209200";"Guapó (GO)";"-";"-";"-";"...";"-";"-";"-";"-";"-";"-";"-";"298";"-";"-";"-";"...";"-";"-";"-";"-";"...";"825";"...";"-";"-";"-";"-";"-";"-";"25";"-";"-";"-";"-";"-";"-";"-";"-";"-";"-";"-";"-";"-";"-";"-";"-";"-";"-";"423";"-";"-";"-";"-";"-";"2546";"-";"-";"-";"-";"-";"-";"-";"5800";"110";"-";"-";"-";"-";"-";"-";"-"
"5209291";"Guaraíta (GO)";"-";"-";"-";"...";"-";"-";"-";"-";"450";"-";"-";"68";"-";"-";"-";"...";"-";"-";"-";"-";"...";"-";"...";"-";"-";"-";"-";"-";"-";"-";"-";"-";"-";"-";"-";"-";"-";"-";"-";"-";"-";"-";"-";"-";"-";"-";"-";"-";"-";"-";"102";"-";"-";"-";"1050";"-";"-";"-";"-";"-";"-";"-";"-";"-";"-";"-";"-";"-";"-";"-";"-"
"5209408";"Guarani de Goiás (GO)";"-";"-";"-";"...";"-";"-";"-";"-";"-";"-";"-";"-";"-";"-";"-";"...";"-";"-";"-";"-";"...";"-";"...";"-";"-";"-";"-";"-";"-";"48";"-";"-";"-";"-";"-";"-";"-";"-";"-";"-";"-";"-";"-";"-";"-";"-";"-";"-";"-";"-";"-";"-";"-";"-";"-";"-";"-";"-";"-";"-";"-";"-";"915";"-";"-";"-";"-";"-";"-";"-";"-"
"5209457";"Guarinos (GO)";"-";"-";"-";"...";"-";"-";"-";"-";"25";"-";"-";"-";"-";"-";"-";"...";"-";"-";"-";"-";"...";"-";"...";"-";"-";"-";"-";"-";"-";"-";"-";"-";"-";"-";"-";"-";"-";"-";"-";"-";"-";"-";"-";"-";"-";"-";"-";"-";"100";"-";"-";"-";"-";"-";"-";"-";"-";"-";"-";"-";"-";"-";"-";"-";"-";"-";"-";"-";"-";"-";"-"
"5209606";"Heitoraí (GO)";"-";"-";"-";"...";"-";"-";"-";"-";"148";"-";"-";"710";"-";"-";"-";"...";"-";"-";"-";"-";"...";"17500";"...";"-";"-";"-";"-";"-";"-";"-";"-";"-";"-";"-";"-";"-";"-";"-";"-";"-";"-";"-";"-";"-";"-";"-";"-";"-";"-";"-";"-";"-";"4350";"-";"3950";"-";"-";"-";"-";"-";"-";"-";"437";"210";"-";"-";"-";"-";"-";"-";"-"
"5209705";"Hidrolândia (GO)";"-";"45";"-";"...";"-";"-";"-";"-";"-";"-";"-";"348";"-";"-";"-";"...";"-";"47";"47";"-";"...";"1400";"...";"-";"-";"-";"-";"-";"-";"243";"-";"-";"-";"-";"2172";"-";"-";"104";"-";"-";"-";"13119";"-";"-";"-";"-";"100";"-";"1275";"-";"-";"-";"-";"-";"5723";"-";"-";"-";"-";"-";"-";"-";"12408";"660";"1500";"16500";"-";"-";"-";"-";"240"
"5209804";"Hidrolina (GO)";"-";"5750";"-";"...";"-";"-";"-";"-";"-";"-";"-";"90";"-";"-";"572";"...";"-";"-";"-";"-";"...";"54400";"...";"-";"-";"-";"-";"-";"-";"-";"-";"-";"-";"-";"-";"-";"-";"-";"-";"-";"-";"-";"-";"-";"-";"-";"-";"-";"1800";"-";"-";"-";"-";"-";"1500";"-";"135";"-";"-";"-";"-";"-";"11620";"-";"-";"-";"-";"-";"-";"-";"-"
"5209903";"Iaciara (GO)";"-";"-";"-";"...";"-";"-";"-";"-";"-";"-";"-";"-";"-";"-";"-";"...";"-";"-";"-";"-";"...";"-";"...";"-";"-";"-";"-";"-";"-";"-";"-";"-";"-";"-";"640";"-";"-";"-";"-";"-";"-";"-";"-";"-";"-";"-";"-";"-";"-";"-";"-";"-";"-";"-";"1056";"-";"-";"-";"-";"-";"-";"-";"2225";"630";"-";"-";"-";"-";"-";"-";"-"
"5209937";"Inaciolândia (GO)";"-";"-";"-";"...";"-";"-";"-";"-";"3";"-";"-";"-";"-";"-";"41";"...";"-";"-";"-";"-";"...";"1566130";"...";"-";"-";"-";"-";"-";"-";"-";"-";"-";"-";"-";"-";"-";"-";"-";"-";"-";"-";"1710";"-";"-";"-";"-";"-";"-";"120";"-";"-";"-";"-";"-";"16544";"-";"-";"-";"-";"-";"-";"-";"28600";"3600";"-";"-";"-";"-";"-";"-";"-"
"5209952";"Indiara (GO)";"-";"530";"-";"...";"-";"-";"-";"-";"-";"-";"-";"260";"-";"-";"-";"...";"-";"-";"-";"-";"...";"960000";"...";"-";"-";"-";"-";"-";"-";"-";"-";"-";"-";"-";"948";"-";"-";"-";"-";"-";"-";"1500";"-";"-";"-";"-";"-";"-";"495";"-";"-";"-";"-";"-";"32411";"-";"-";"-";"-";"-";"-";"-";"44800";"5825";"-";"-";"-";"-";"-";"-";"-"
"5210000";"Inhumas (GO)";"-";"-";"-";"...";"-";"-";"-";"-";"-";"-";"-";"1675";"-";"-";"-";"...";"-";"575";"575";"-";"...";"565173";"...";"-";"-";"-";"-";"-";"-";"-";"-";"-";"-";"-";"519";"-";"-";"-";"-";"-";"-";"6100";"1739";"-";"-";"-";"-";"-";"9000";"-";"-";"-";"-";"-";"11135";"-";"-";"-";"-";"-";"-";"-";"2628";"-";"565";"-";"-";"-";"-";"-";"-"
"5210109";"Ipameri (GO)";"180";"-";"-";"...";"-";"-";"-";"-";"-";"-";"-";"-";"-";"-";"-";"...";"-";"1120";"1120";"-";"...";"249999";"...";"-";"-";"6500";"-";"-";"-";"-";"-";"-";"-";"-";"7840";"-";"-";"3488";"-";"-";"-";"-";"-";"-";"-";"-";"-";"-";"2500";"-";"-";"-";"-";"-";"193200";"-";"-";"-";"-";"-";"-";"-";"304000";"39600";"-";"5640";"225";"-";"-";"-";"-"
"5210158";"Ipiranga de Goiás (GO)";"-";"-";"-";"...";"-";"-";"-";"-";"120";"-";"-";"-";"-";"-";"-";"...";"-";"-";"-";"-";"...";"368500";"...";"-";"-";"-";"-";"-";"-";"-";"-";"-";"-";"-";"-";"-";"-";"-";"-";"-";"-";"-";"-";"-";"-";"-";"-";"-";"480";"-";"-";"-";"3360";"-";"1560";"-";"-";"-";"-";"-";"-";"-";"-";"-";"-";"-";"-";"-";"-";"-";"-"
"5210208";"Iporá (GO)";"-";"-";"-";"...";"-";"-";"-";"-";"-";"-";"-";"260";"-";"-";"-";"...";"-";"-";"-";"-";"...";"-";"...";"-";"-";"-";"-";"-";"-";"-";"-";"-";"-";"-";"-";"-";"-";"-";"-";"-";"-";"-";"-";"-";"-";"-";"-";"-";"3400";"-";"-";"-";"-";"-";"-";"-";"-";"-";"-";"-";"-";"-";"13200";"-";"-";"-";"-";"-";"-";"-";"-"
"5210307";"Israelândia (GO)";"-";"-";"-";"...";"-";"-";"-";"-";"-";"-";"-";"-";"-";"-";"-";"...";"-";"-";"-";"-";"...";"-";"...";"-";"-";"-";"-";"-";"-";"-";"-";"-";"-";"-";"-";"-";"-";"-";"-";"-";"-";"-";"-";"-";"-";"-";"-";"-";"540";"-";"-";"-";"-";"-";"-";"-";"-";"-";"-";"-";"-";"-";"2970";"-";"-";"-";"-";"-";"-";"-";"-"
"5210406";"Itaberaí (GO)";"-";"-";"-";"...";"-";"-";"-";"-";"236";"-";"-";"1768";"-";"-";"-";"...";"-";"-";"-";"-";"...";"212514";"...";"-";"-";"-";"-";"-";"-";"-";"-";"-";"-";"-";"4170";"-";"-";"-";"-";"-";"-";"24867";"-";"-";"-";"-";"-";"-";"2800";"-";"-";"-";"9782";"-";"60553";"-";"-";"-";"-";"-";"-";"-";"70200";"27000";"-";"52929";"-";"-";"-";"-";"560"
"5210562";"Itaguari (GO)";"-";"-";"-";"...";"-";"-";"-";"-";"-";"-";"-";"1050";"-";"-";"-";"...";"-";"-";"-";"-";"...";"1452";"...";"-";"-";"-";"-";"-";"-";"-";"-";"-";"-";"-";"-";"-";"-";"-";"-";"-";"-";"2450";"55";"-";"-";"-";"-";"-";"-";"-";"-";"-";"5500";"-";"2000";"-";"-";"-";"-";"-";"-";"-";"726";"-";"-";"-";"-";"-";"-";"-";"-"
"5210604";"Itaguaru (GO)";"-";"-";"-";"...";"-";"-";"-";"-";"227";"-";"-";"13730";"-";"-";"-";"...";"-";"45";"45";"-";"...";"-";"...";"-";"-";"-";"-";"-";"-";"-";"-";"-";"-";"-";"-";"-";"-";"-";"-";"-";"-";"-";"-";"-";"-";"-";"-";"-";"-";"-";"-";"-";"3780";"-";"969";"-";"146";"-";"-";"-";"-";"-";"400";"-";"-";"-";"-";"-";"-";"-";"-"
"5210802";"Itajá (GO)";"-";"-";"-";"...";"-";"-";"-";"-";"-";"-";"-";"-";"-";"-";"-";"...";"-";"-";"-";"-";"...";"-";"...";"-";"-";"-";"-";"-";"-";"-";"-";"-";"-";"-";"-";"-";"-";"-";"-";"-";"-";"-";"-";"-";"-";"-";"-";"-";"110";"-";"-";"-";"-";"-";"189";"-";"-";"-";"-";"-";"-";"-";"-";"-";"-";"-";"-";"-";"-";"-";"-"
"5210901";"Itapaci (GO)";"-";"720";"-";"...";"-";"-";"-";"-";"-";"-";"-";"-";"-";"-";"23";"...";"-";"-";"-";"-";"...";"507000";"...";"-";"-";"-";"-";"-";"-";"-";"-";"-";"-";"-";"-";"-";"-";"-";"-";"-";"-";"-";"-";"-";"-";"-";"-";"-";"480";"-";"-";"-";"8000";"-";"4150";"-";"-";"-";"-";"-";"-";"-";"3000";"700";"-";"-";"-";"-";"-";"-";"-"
"5211008";"Itapirapuã (GO)";"-";"-";"-";"...";"-";"-";"-";"-";"-";"-";"-";"-";"-";"-";"-";"...";"-";"-";"-";"-";"...";"-";"...";"-";"-";"-";"-";"-";"-";"-";"-";"-";"-";"-";"1000";"-";"-";"-";"-";"-";"-";"-";"-";"-";"-";"-";"-";"-";"300";"-";"-";"-";"-";"-";"1800";"-";"-";"-";"-";"-";"-";"-";"840";"-";"-";"-";"-";"-";"-";"-";"-"
"5211206";"Itapuranga (GO)";"-";"-";"-";"...";"-";"-";"-";"-";"48";"-";"-";"72";"-";"-";"-";"...";"-";"-";"-";"-";"...";"494200";"...";"-";"-";"-";"-";"-";"-";"-";"-";"-";"-";"-";"6";"-";"-";"-";"-";"-";"-";"-";"-";"-";"-";"-";"280";"-";"300";"-";"1800";"-";"12000";"-";"1600";"-";"7220";"-";"-";"-";"-";"-";"552";"150";"-";"-";"-";"-";"-";"-";"-"
"5211305";"Itarumã (GO)";"-";"-";"-";"...";"-";"-";"-";"-";"-";"-";"-";"120";"-";"-";"-";"...";"-";"-";"-";"-";"...";"668522";"...";"-";"-";"-";"-";"-";"-";"-";"-";"-";"-";"-";"-";"-";"-";"-";"-";"-";"-";"-";"-";"-";"-";"-";"-";"-";"220";"-";"-";"-";"-";"-";"3705";"-";"-";"-";"-";"-";"-";"-";"7680";"-";"-";"-";"-";"-";"-";"-";"-"
"5211404";"Itauçu (GO)";"-";"-";"-";"...";"-";"-";"-";"-";"-";"-";"-";"9050";"-";"-";"-";"...";"-";"292";"292";"-";"...";"-";"...";"-";"-";"-";"-";"-";"-";"-";"-";"-";"-";"-";"-";"-";"-";"-";"-";"-";"-";"166";"-";"-";"-";"-";"-";"-";"-";"-";"-";"-";"-";"-";"4500";"-";"-";"-";"-";"-";"-";"-";"2000";"680";"-";"-";"-";"-";"-";"-";"-"
"5211503";"Itumbiara (GO)";"-";"-";"-";"...";"-";"42";"-";"-";"7";"-";"-";"2475";"-";"-";"-";"...";"-";"-";"-";"-";"...";"3405328";"...";"-";"-";"-";"-";"-";"-";"152";"-";"-";"-";"-";"112";"-";"-";"559";"-";"-";"-";"432";"-";"-";"-";"-";"-";"-";"800";"-";"-";"-";"-";"-";"77180";"-";"-";"-";"-";"-";"-";"-";"90720";"8000";"-";"-";"-";"-";"-";"-";"-"
"5211602";"Ivolândia (GO)";"-";"-";"-";"...";"-";"-";"-";"-";"-";"-";"-";"-";"-";"-";"-";"...";"-";"-";"-";"-";"...";"49740";"...";"-";"-";"-";"-";"-";"-";"-";"-";"-";"-";"-";"-";"-";"-";"-";"-";"-";"-";"-";"-";"-";"-";"-";"-";"-";"528";"-";"-";"-";"-";"-";"-";"-";"-";"-";"-";"-";"-";"-";"7500";"-";"-";"-";"-";"-";"-";"-";"-"
"5211701";"Jandaia (GO)";"-";"1303";"-";"...";"-";"-";"-";"-";"-";"-";"-";"32";"-";"-";"-";"...";"-";"-";"-";"-";"...";"748000";"...";"-";"-";"-";"-";"-";"-";"17";"-";"-";"-";"-";"-";"-";"-";"-";"-";"-";"-";"-";"-";"-";"-";"-";"-";"-";"237";"-";"-";"-";"-";"-";"23008";"-";"-";"-";"-";"-";"-";"-";"28025";"1080";"-";"-";"-";"-";"-";"-";"-"
"5211800";"Jaraguá (GO)";"-";"19350";"-";"...";"-";"-";"-";"-";"76";"-";"-";"7740";"-";"-";"-";"...";"-";"-";"-";"-";"...";"21900";"...";"-";"-";"-";"-";"-";"-";"8";"-";"-";"-";"-";"114";"-";"-";"-";"-";"-";"-";"179";"-";"-";"-";"-";"90";"-";"3900";"-";"-";"-";"7140";"-";"10000";"-";"-";"-";"-";"-";"-";"-";"6600";"-";"142";"67";"-";"-";"-";"-";"-"
"5211909";"Jataí (GO)";"-";"-";"-";"...";"-";"3700";"-";"-";"-";"-";"-";"-";"-";"-";"-";"...";"-";"-";"-";"-";"...";"3000000";"...";"-";"-";"-";"-";"-";"-";"-";"-";"-";"-";"-";"11310";"-";"-";"-";"-";"-";"-";"-";"-";"-";"-";"-";"-";"-";"-";"-";"-";"-";"-";"-";"1605840";"-";"-";"-";"-";"-";"-";"-";"1061900";"19520";"-";"-";"-";"-";"-";"-";"-"
"5212006";"Jaupaci (GO)";"-";"-";"-";"...";"-";"-";"-";"-";"-";"-";"-";"100";"-";"-";"-";"...";"-";"-";"-";"-";"...";"-";"...";"-";"-";"-";"-";"-";"-";"-";"-";"-";"-";"-";"-";"-";"-";"-";"-";"-";"-";"-";"-";"-";"-";"-";"-";"-";"990";"-";"-";"-";"-";"-";"1080";"-";"-";"-";"-";"-";"-";"-";"5400";"-";"-";"-";"-";"-";"-";"-";"-"
"5212055";"Jesúpolis (GO)";"-";"690";"-";"...";"-";"-";"-";"-";"10";"-";"-";"1192";"-";"-";"-";"...";"-";"-";"-";"-";"...";"-";"...";"-";"-";"-";"-";"-";"-";"-";"-";"-";"-";"-";"-";"-";"-";"-";"-";"-";"-";"-";"-";"-";"-";"-";"-";"-";"480";"-";"-";"-";"-";"-";"119";"-";"-";"-";"-";"-";"-";"-";"-";"-";"-";"-";"-";"-";"-";"-";"-"
"5212105";"Joviânia (GO)";"-";"-";"-";"...";"-";"-";"-";"-";"3";"-";"-";"-";"-";"-";"-";"...";"-";"-";"-";"-";"...";"134250";"...";"-";"-";"-";"-";"-";"-";"-";"-";"-";"-";"-";"750";"-";"-";"660";"-";"-";"-";"-";"-";"-";"-";"-";"-";"-";"93";"-";"-";"-";"-";"-";"59590";"-";"-";"-";"-";"-";"-";"-";"57000";"14000";"-";"-";"-";"-";"-";"-";"-"
"5212204";"Jussara (GO)";"-";"-";"-";"...";"-";"-";"-";"-";"-";"-";"-";"-";"-";"-";"-";"...";"-";"-";"-";"-";"...";"-";"...";"-";"-";"-";"-";"-";"-";"-";"-";"-";"-";"-";"14720";"-";"-";"-";"-";"-";"-";"-";"-";"-";"-";"-";"-";"-";"225";"-";"-";"-";"200";"-";"2000";"-";"-";"-";"-";"-";"-";"-";"26240";"-";"-";"-";"-";"-";"-";"-";"-"
"5212253";"Lagoa Santa (GO)";"-";"-";"-";"...";"-";"-";"-";"-";"-";"-";"-";"-";"-";"-";"-";"...";"-";"-";"-";"-";"...";"-";"...";"-";"-";"-";"-";"-";"-";"-";"-";"-";"-";"-";"-";"-";"-";"-";"-";"-";"-";"-";"-";"-";"-";"-";"-";"-";"100";"-";"-";"-";"-";"-";"50";"-";"-";"-";"-";"-";"-";"-";"-";"-";"-";"-";"-";"-";"-";"-";"-"
"5212303";"Leopoldo de Bulhões (GO)";"-";"-";"-";"...";"-";"-";"-";"-";"-";"-";"-";"-";"-";"-";"-";"...";"-";"-";"-";"-";"...";"-";"...";"-";"-";"-";"-";"-";"-";"-";"-";"-";"-";"-";"-";"-";"-";"369";"-";"-";"-";"3630";"-";"-";"-";"-";"-";"-";"680";"-";"-";"-";"-";"-";"29400";"-";"-";"-";"-";"-";"-";"-";"25200";"1260";"220";"1300";"-";"-";"-";"-";"-"
"5212501";"Luziânia (GO)";"-";"-";"-";"...";"-";"13817";"158";"-";"-";"-";"-";"-";"-";"-";"-";"...";"-";"-";"-";"-";"...";"-";"...";"-";"-";"-";"-";"-";"-";"-";"-";"-";"-";"-";"28800";"-";"-";"3381";"-";"-";"-";"-";"-";"-";"-";"-";"-";"-";"-";"-";"-";"-";"-";"-";"173955";"-";"-";"-";"-";"-";"-";"-";"207200";"15000";"-";"-";"15930";"-";"-";"-";"-"
"5212600";"Mairipotaba (GO)";"-";"-";"-";"...";"-";"-";"-";"-";"131";"-";"-";"112";"-";"-";"17";"...";"-";"-";"-";"-";"...";"-";"...";"-";"-";"-";"-";"-";"-";"-";"-";"-";"-";"-";"-";"-";"-";"-";"-";"-";"-";"418";"-";"-";"-";"-";"-";"-";"453";"-";"-";"-";"-";"-";"1493";"-";"-";"-";"-";"-";"-";"-";"10230";"3312";"-";"-";"-";"-";"-";"-";"-"
"5212709";"Mambaí (GO)";"-";"-";"-";"...";"-";"-";"-";"-";"-";"-";"-";"-";"-";"-";"-";"...";"-";"-";"-";"-";"...";"-";"...";"-";"-";"-";"-";"-";"-";"-";"-";"-";"-";"-";"-";"-";"-";"-";"-";"-";"-";"-";"-";"-";"-";"-";"-";"-";"-";"-";"-";"-";"-";"-";"-";"-";"-";"-";"-";"-";"-";"-";"126";"-";"-";"-";"-";"-";"-";"-";"-"
"5212808";"Mara Rosa (GO)";"-";"-";"-";"...";"-";"-";"-";"-";"-";"-";"-";"300";"-";"-";"-";"...";"-";"-";"-";"-";"...";"288";"...";"-";"-";"-";"-";"-";"-";"-";"-";"-";"-";"-";"-";"-";"-";"-";"-";"-";"-";"-";"-";"-";"-";"-";"-";"-";"560";"-";"-";"-";"-";"-";"4500";"-";"-";"-";"-";"-";"-";"-";"18000";"-";"-";"-";"-";"-";"-";"-";"-"
"5212907";"Marzagão (GO)";"-";"-";"-";"...";"-";"-";"-";"-";"30";"-";"-";"-";"-";"-";"-";"...";"-";"-";"-";"-";"...";"1095";"...";"-";"-";"-";"-";"-";"-";"-";"-";"-";"-";"-";"105";"-";"-";"800";"-";"-";"-";"3960";"-";"-";"-";"-";"-";"-";"172";"-";"-";"-";"-";"-";"2120";"-";"-";"-";"-";"-";"-";"-";"3200";"134";"-";"-";"-";"-";"-";"-";"-"
"5212956";"Matrinchã (GO)";"-";"-";"-";"...";"-";"240";"-";"-";"1200";"-";"-";"-";"-";"-";"-";"...";"-";"-";"-";"-";"...";"-";"...";"50";"-";"-";"-";"-";"-";"-";"-";"-";"-";"-";"2500";"-";"-";"-";"-";"-";"-";"-";"-";"-";"-";"-";"-";"-";"510";"-";"-";"-";"-";"-";"6600";"-";"-";"-";"-";"-";"-";"-";"8800";"-";"-";"-";"-";"-";"-";"-";"-"
"5213004";"Maurilândia (GO)";"-";"-";"-";"...";"-";"-";"-";"-";"-";"-";"-";"-";"-";"-";"-";"...";"-";"-";"-";"-";"...";"900000";"...";"-";"-";"-";"-";"-";"-";"-";"-";"-";"-";"-";"-";"-";"-";"168";"-";"-";"-";"-";"-";"-";"-";"-";"-";"-";"130";"-";"-";"-";"1350";"-";"25000";"-";"-";"-";"-";"-";"-";"-";"30400";"2100";"-";"-";"-";"-";"-";"-";"-"
"5213053";"Mimoso de Goiás (GO)";"-";"-";"-";"...";"-";"-";"-";"-";"-";"-";"-";"-";"-";"-";"-";"...";"-";"-";"-";"-";"...";"-";"...";"-";"-";"-";"-";"-";"-";"-";"-";"-";"-";"-";"-";"-";"-";"-";"-";"-";"-";"-";"-";"-";"-";"-";"-";"-";"600";"-";"-";"-";"-";"-";"108300";"-";"-";"-";"-";"-";"-";"-";"66000";"11200";"-";"-";"-";"-";"-";"-";"-"
"5213087";"Minaçu (GO)";"-";"-";"-";"...";"-";"-";"-";"-";"40";"-";"-";"-";"-";"-";"-";"...";"-";"-";"-";"-";"...";"-";"...";"-";"-";"-";"-";"-";"-";"-";"-";"-";"-";"-";"-";"-";"-";"-";"-";"-";"-";"-";"-";"-";"-";"-";"-";"-";"972";"-";"-";"-";"-";"-";"952";"-";"-";"-";"-";"-";"-";"-";"4172";"-";"-";"-";"-";"-";"-";"-";"-"
"5213103";"Mineiros (GO)";"-";"-";"-";"...";"-";"2250";"-";"-";"-";"-";"-";"-";"-";"-";"-";"...";"-";"-";"-";"-";"...";"4500000";"...";"-";"-";"-";"-";"-";"-";"-";"-";"-";"-";"-";"4440";"-";"-";"-";"-";"-";"-";"-";"-";"-";"-";"-";"-";"-";"-";"-";"-";"-";"-";"-";"529350";"-";"-";"-";"-";"-";"-";"-";"363500";"10560";"-";"-";"-";"-";"-";"-";"-"
"5213400";"Moiporá (GO)";"-";"-";"-";"...";"-";"-";"-";"-";"-";"-";"-";"160";"-";"-";"-";"...";"-";"-";"-";"-";"...";"-";"...";"-";"-";"-";"-";"-";"-";"-";"-";"-";"-";"-";"-";"-";"-";"-";"-";"-";"-";"-";"-";"-";"-";"-";"-";"-";"525";"-";"-";"-";"-";"-";"-";"-";"-";"-";"-";"-";"-";"-";"990";"-";"-";"-";"-";"-";"-";"-";"-"
"5213509";"Monte Alegre de Goiás (GO)";"-";"-";"-";"...";"-";"-";"-";"-";"-";"-";"-";"-";"-";"-";"-";"...";"-";"-";"-";"-";"...";"-";"...";"-";"-";"-";"-";"-";"-";"-";"-";"-";"-";"-";"-";"-";"-";"-";"-";"-";"-";"-";"-";"-";"-";"-";"-";"-";"-";"-";"-";"-";"-";"-";"420";"-";"-";"-";"-";"-";"-";"-";"1410";"-";"-";"-";"-";"-";"-";"-";"-"
"5213707";"Montes Claros de Goiás (GO)";"-";"-";"-";"...";"-";"-";"-";"-";"-";"-";"-";"400";"-";"-";"-";"...";"-";"-";"-";"-";"...";"307516";"...";"-";"-";"-";"-";"-";"-";"-";"-";"-";"-";"-";"7840";"-";"-";"-";"-";"-";"-";"-";"-";"-";"-";"-";"-";"-";"990";"-";"-";"-";"-";"-";"11520";"-";"-";"-";"-";"-";"-";"-";"112200";"-";"-";"-";"-";"-";"-";"-";"-"
"5213756";"Montividiu (GO)";"-";"-";"-";"...";"-";"19140";"-";"-";"-";"-";"-";"-";"-";"-";"-";"...";"-";"-";"-";"-";"...";"106000";"...";"-";"-";"-";"-";"-";"-";"-";"-";"-";"-";"-";"5910";"-";"-";"-";"-";"-";"-";"-";"-";"-";"-";"-";"-";"-";"280";"-";"-";"-";"-";"-";"832080";"-";"-";"-";"-";"-";"-";"-";"421200";"9600";"-";"-";"-";"-";"-";"-";"-"
"5213772";"Montividiu do Norte (GO)";"-";"-";"-";"...";"-";"-";"-";"-";"149";"-";"-";"-";"-";"-";"-";"...";"-";"-";"-";"-";"...";"-";"...";"-";"-";"-";"-";"-";"-";"-";"-";"-";"-";"-";"-";"-";"-";"-";"-";"-";"-";"-";"-";"-";"-";"-";"-";"-";"1376";"-";"-";"-";"-";"-";"1247";"-";"-";"-";"-";"-";"-";"-";"10883";"-";"-";"-";"-";"-";"-";"-";"-"
"5213806";"Morrinhos (GO)";"-";"2000";"-";"...";"-";"3442";"-";"-";"25";"-";"-";"2226";"-";"-";"30";"...";"-";"-";"-";"-";"...";"1520000";"...";"-";"-";"-";"-";"-";"-";"-";"-";"-";"-";"-";"6600";"-";"-";"418";"2625";"-";"-";"2190";"-";"-";"-";"-";"-";"-";"1100";"-";"-";"-";"-";"-";"37600";"-";"1200";"-";"-";"-";"-";"-";"105600";"16640";"-";"185000";"-";"-";"-";"-";"-"
"5213855";"Morro Agudo de Goiás (GO)";"-";"-";"-";"...";"-";"-";"-";"-";"40";"-";"-";"80";"-";"-";"-";"...";"-";"-";"-";"-";"...";"-";"...";"-";"-";"-";"-";"-";"-";"-";"-";"-";"-";"-";"-";"-";"-";"-";"-";"-";"-";"-";"-";"-";"-";"-";"-";"-";"160";"-";"-";"-";"-";"-";"408";"-";"-";"-";"-";"-";"-";"-";"-";"-";"-";"-";"-";"-";"-";"-";"-"
"5213905";"Mossâmedes (GO)";"-";"-";"-";"...";"-";"-";"-";"-";"-";"-";"-";"-";"-";"-";"-";"...";"-";"-";"-";"-";"...";"22000";"...";"-";"-";"-";"-";"-";"-";"-";"-";"-";"-";"-";"-";"-";"-";"-";"-";"-";"-";"-";"-";"-";"-";"-";"-";"-";"1190";"-";"-";"-";"-";"-";"1800";"-";"-";"-";"-";"-";"-";"-";"3150";"-";"-";"-";"-";"-";"-";"-";"-"
"5214002";"Mozarlândia (GO)";"-";"-";"-";"...";"-";"-";"-";"-";"-";"-";"-";"-";"-";"-";"195";"...";"-";"-";"-";"-";"...";"-";"...";"-";"-";"-";"-";"-";"-";"-";"-";"-";"-";"-";"-";"-";"-";"-";"-";"-";"-";"-";"-";"-";"-";"-";"-";"-";"850";"-";"-";"-";"-";"-";"1200";"-";"-";"-";"-";"-";"-";"-";"3100";"-";"-";"-";"-";"-";"-";"-";"-"
"5214051";"Mundo Novo (GO)";"-";"-";"-";"...";"-";"-";"-";"-";"-";"-";"-";"-";"-";"-";"375";"...";"-";"-";"-";"-";"...";"-";"...";"-";"-";"-";"-";"-";"-";"-";"-";"-";"-";"-";"-";"-";"-";"-";"-";"-";"-";"-";"-";"-";"-";"-";"1100";"-";"1190";"-";"-";"-";"-";"-";"2250";"-";"-";"-";"-";"-";"-";"-";"2100";"-";"-";"-";"-";"-";"-";"-";"-"
"5214101";"Mutunópolis (GO)";"-";"-";"-";"...";"-";"-";"-";"-";"350";"-";"-";"-";"-";"-";"-";"...";"-";"-";"-";"-";"...";"-";"...";"-";"-";"-";"-";"-";"-";"-";"-";"-";"-";"-";"-";"-";"-";"-";"-";"-";"-";"-";"-";"-";"-";"-";"-";"-";"1216";"-";"-";"-";"-";"-";"784";"-";"-";"-";"-";"-";"-";"-";"1913";"-";"-";"-";"-";"-";"-";"-";"-"
"5214408";"Nazário (GO)";"-";"-";"-";"...";"-";"-";"-";"-";"-";"-";"-";"-";"-";"-";"-";"...";"-";"-";"-";"-";"...";"-";"...";"-";"-";"-";"-";"-";"-";"-";"-";"-";"-";"-";"-";"-";"-";"-";"-";"-";"-";"-";"-";"-";"-";"-";"-";"-";"-";"-";"-";"-";"-";"-";"426";"-";"-";"-";"-";"-";"-";"-";"5800";"-";"-";"-";"-";"-";"-";"-";"-"
"5214507";"Nerópolis (GO)";"-";"-";"-";"...";"-";"-";"-";"-";"210";"-";"-";"1785";"-";"-";"-";"...";"-";"245";"245";"-";"...";"-";"...";"-";"-";"-";"-";"-";"-";"-";"-";"-";"-";"-";"-";"-";"-";"-";"-";"-";"-";"810";"48";"-";"-";"-";"-";"-";"930";"-";"-";"-";"-";"-";"792";"-";"-";"-";"-";"-";"-";"-";"448";"-";"3330";"-";"-";"-";"-";"-";"-"
"5214606";"Niquelândia (GO)";"-";"200";"-";"...";"-";"-";"-";"-";"550";"-";"-";"270";"-";"-";"683";"...";"-";"360";"360";"-";"...";"1200";"...";"-";"-";"-";"-";"-";"-";"30";"-";"-";"-";"-";"1670";"-";"-";"-";"-";"-";"-";"-";"-";"-";"-";"-";"-";"-";"1200";"-";"-";"-";"-";"-";"43300";"-";"750";"-";"-";"-";"-";"-";"162500";"7000";"-";"-";"420";"-";"-";"-";"-"
"5214705";"Nova América (GO)";"-";"-";"-";"...";"-";"-";"-";"-";"-";"-";"-";"-";"-";"-";"-";"...";"-";"-";"-";"-";"...";"60300";"...";"-";"-";"-";"-";"-";"-";"-";"-";"-";"-";"-";"-";"-";"-";"-";"-";"-";"-";"-";"-";"-";"-";"-";"-";"-";"340";"-";"-";"-";"-";"-";"350";"-";"-";"-";"-";"-";"-";"-";"-";"-";"-";"-";"-";"-";"-";"-";"-"
"5214804";"Nova Aurora (GO)";"-";"-";"-";"...";"-";"-";"-";"-";"-";"-";"-";"-";"-";"-";"-";"...";"-";"-";"-";"-";"...";"2533";"...";"-";"-";"-";"-";"-";"-";"-";"-";"-";"-";"-";"-";"-";"-";"-";"-";"-";"-";"-";"-";"-";"-";"-";"-";"-";"510";"-";"-";"-";"-";"-";"2000";"-";"-";"-";"-";"-";"-";"-";"297";"-";"-";"-";"-";"-";"-";"-";"-"
"5214838";"Nova Crixás (GO)";"-";"-";"-";"...";"-";"-";"-";"-";"-";"-";"-";"-";"-";"-";"-";"...";"-";"-";"-";"-";"...";"-";"...";"-";"-";"-";"-";"-";"-";"-";"-";"-";"-";"-";"338";"-";"-";"-";"-";"-";"-";"-";"-";"-";"-";"-";"-";"-";"1020";"-";"-";"-";"-";"-";"2100";"-";"-";"-";"-";"-";"-";"-";"30000";"-";"-";"-";"-";"-";"-";"-";"-"
"5214861";"Nova Glória (GO)";"-";"-";"-";"...";"-";"-";"-";"-";"42";"-";"-";"-";"-";"-";"-";"...";"-";"-";"-";"-";"...";"845000";"...";"-";"-";"-";"-";"-";"-";"-";"-";"-";"-";"-";"20";"-";"-";"-";"-";"-";"-";"-";"-";"-";"-";"-";"-";"-";"-";"-";"-";"-";"4800";"-";"6600";"-";"-";"-";"-";"-";"-";"-";"-";"-";"-";"-";"-";"-";"-";"-";"-"
"5214879";"Nova Iguaçu de Goiás (GO)";"-";"-";"-";"...";"-";"-";"-";"-";"-";"-";"-";"160";"-";"-";"-";"...";"-";"-";"-";"-";"...";"624";"...";"-";"-";"-";"-";"-";"-";"-";"-";"-";"-";"-";"-";"-";"-";"-";"-";"-";"-";"-";"-";"-";"-";"-";"-";"-";"160";"-";"-";"-";"-";"-";"405";"-";"-";"-";"-";"-";"-";"-";"228";"-";"-";"-";"-";"-";"-";"-";"-"
"5214903";"Nova Roma (GO)";"-";"-";"-";"...";"-";"-";"-";"-";"-";"-";"-";"-";"-";"-";"-";"...";"-";"-";"-";"-";"...";"-";"...";"-";"-";"-";"-";"-";"-";"-";"-";"-";"-";"-";"-";"-";"-";"-";"-";"-";"-";"-";"-";"-";"-";"-";"-";"-";"-";"-";"-";"-";"-";"-";"1666";"-";"-";"-";"-";"-";"-";"-";"439";"-";"-";"-";"-";"-";"-";"-";"-"
"5215009";"Nova Veneza (GO)";"-";"-";"-";"...";"-";"-";"-";"-";"150";"-";"-";"-";"-";"-";"-";"...";"-";"-";"-";"-";"...";"-";"...";"-";"-";"-";"-";"-";"-";"-";"-";"-";"-";"-";"-";"-";"-";"-";"-";"-";"-";"-";"-";"-";"-";"-";"-";"-";"-";"-";"-";"-";"-";"-";"151";"-";"-";"-";"-";"-";"-";"-";"360";"-";"-";"-";"-";"-";"-";"-";"-"
"5215207";"Novo Brasil (GO)";"-";"-";"-";"...";"-";"-";"-";"-";"-";"-";"-";"-";"-";"-";"-";"...";"-";"-";"-";"-";"...";"-";"...";"-";"-";"-";"-";"-";"-";"-";"-";"-";"-";"-";"-";"-";"-";"-";"-";"-";"-";"-";"-";"-";"-";"-";"-";"-";"1020";"-";"-";"-";"-";"-";"750";"-";"-";"-";"-";"-";"-";"-";"-";"-";"-";"-";"-";"-";"-";"-";"-"
"5215231";"Novo Gama (GO)";"-";"-";"-";"...";"-";"-";"-";"-";"-";"-";"-";"-";"-";"-";"-";"...";"-";"-";"-";"-";"...";"-";"...";"-";"-";"-";"-";"-";"-";"-";"-";"-";"-";"-";"143";"-";"-";"-";"-";"-";"-";"-";"-";"-";"-";"-";"-";"-";"761";"-";"-";"-";"-";"-";"1765";"-";"-";"-";"-";"-";"-";"-";"140";"-";"-";"-";"-";"-";"-";"-";"-"
"5215256";"Novo Planalto (GO)";"-";"-";"-";"...";"-";"-";"-";"-";"10";"-";"-";"-";"-";"-";"-";"...";"-";"-";"-";"-";"...";"-";"...";"-";"-";"-";"-";"-";"-";"-";"-";"-";"-";"-";"-";"-";"-";"-";"-";"-";"-";"-";"-";"-";"-";"-";"-";"-";"630";"-";"-";"-";"-";"-";"1389";"-";"-";"-";"-";"-";"-";"-";"32939";"-";"-";"-";"-";"-";"-";"-";"-"
"5215306";"Orizona (GO)";"-";"-";"-";"...";"-";"-";"-";"-";"99";"-";"-";"-";"-";"-";"-";"...";"-";"-";"-";"-";"...";"-";"...";"-";"-";"-";"-";"-";"-";"-";"-";"-";"-";"-";"105";"-";"-";"2561";"-";"-";"-";"-";"-";"-";"-";"-";"-";"-";"2670";"-";"-";"-";"-";"-";"92800";"-";"-";"-";"-";"-";"-";"-";"112200";"3360";"-";"30000";"-";"-";"-";"-";"-"
"5215405";"Ouro Verde de Goiás (GO)";"-";"-";"-";"...";"-";"-";"-";"-";"-";"-";"-";"4200";"-";"-";"-";"...";"-";"-";"-";"-";"...";"-";"...";"-";"-";"-";"-";"-";"-";"-";"-";"-";"-";"-";"-";"-";"-";"-";"-";"-";"-";"-";"-";"-";"-";"-";"-";"-";"553";"-";"-";"-";"-";"-";"7131";"-";"-";"-";"-";"-";"-";"-";"-";"-";"624";"-";"-";"-";"-";"-";"-"
"5215504";"Ouvidor (GO)";"-";"-";"-";"...";"-";"-";"52";"-";"-";"-";"-";"-";"-";"-";"-";"...";"-";"80";"80";"-";"...";"2480";"...";"-";"-";"-";"-";"-";"-";"-";"-";"-";"-";"-";"-";"-";"-";"-";"-";"-";"-";"-";"-";"-";"-";"-";"-";"-";"240";"-";"-";"-";"-";"-";"6380";"-";"-";"-";"-";"-";"-";"-";"4200";"-";"-";"-";"-";"-";"-";"-";"-"
"5215603";"Padre Bernardo (GO)";"-";"-";"-";"...";"-";"-";"-";"-";"-";"-";"-";"-";"-";"-";"-";"...";"-";"-";"-";"-";"...";"-";"...";"-";"-";"-";"-";"-";"-";"-";"-";"-";"-";"-";"3960";"-";"-";"-";"-";"-";"-";"-";"-";"-";"-";"-";"-";"-";"-";"-";"-";"-";"-";"-";"77110";"-";"-";"-";"-";"-";"-";"-";"174000";"10005";"-";"-";"495";"-";"-";"-";"-"
"5215652";"Palestina de Goiás (GO)";"-";"-";"-";"...";"-";"-";"-";"-";"-";"-";"-";"-";"-";"-";"-";"...";"-";"-";"-";"-";"...";"-";"...";"-";"-";"-";"-";"-";"-";"-";"-";"-";"-";"-";"1050";"-";"-";"-";"-";"-";"-";"-";"-";"-";"-";"-";"-";"-";"-";"-";"-";"-";"-";"-";"13440";"-";"-";"-";"-";"-";"-";"-";"37400";"3745";"-";"-";"-";"-";"-";"-";"-"
"5215702";"Palmeiras de Goiás (GO)";"-";"29";"-";"...";"-";"3200";"-";"-";"210";"-";"-";"415";"-";"-";"210";"...";"-";"-";"-";"-";"...";"19000";"...";"-";"-";"-";"-";"-";"-";"1700";"-";"-";"-";"-";"-";"-";"-";"-";"-";"-";"-";"2093";"30";"-";"-";"-";"-";"-";"500";"-";"-";"-";"-";"-";"78630";"-";"-";"-";"-";"-";"-";"-";"119700";"6699";"-";"24000";"-";"-";"-";"-";"-"
"5215801";"Palmelo (GO)";"-";"-";"-";"...";"-";"-";"-";"-";"-";"-";"-";"-";"-";"-";"-";"...";"-";"-";"-";"-";"...";"-";"...";"-";"-";"-";"-";"-";"-";"-";"-";"-";"-";"-";"-";"-";"-";"-";"-";"-";"-";"600";"-";"-";"-";"-";"-";"-";"133";"-";"-";"-";"-";"-";"1930";"-";"-";"-";"-";"-";"-";"-";"1485";"-";"-";"-";"-";"-";"-";"-";"-"
"5215900";"Palminópolis (GO)";"-";"557";"-";"...";"-";"-";"-";"-";"-";"-";"-";"-";"-";"-";"90";"...";"-";"-";"-";"-";"...";"98010";"...";"-";"-";"-";"-";"-";"-";"-";"-";"-";"-";"-";"461";"-";"-";"-";"-";"-";"-";"-";"-";"-";"-";"-";"-";"-";"336";"-";"-";"-";"-";"-";"6676";"-";"-";"-";"-";"-";"-";"-";"3713";"-";"-";"-";"-";"-";"-";"-";"-"
"5216007";"Panamá (GO)";"-";"-";"-";"...";"-";"-";"-";"-";"11";"-";"-";"49";"-";"-";"-";"...";"-";"-";"-";"-";"...";"568000";"...";"-";"-";"-";"-";"-";"-";"20";"-";"-";"-";"-";"540";"-";"-";"160";"-";"-";"-";"159";"-";"-";"-";"-";"-";"-";"120";"-";"-";"-";"-";"-";"10550";"-";"-";"-";"-";"-";"-";"-";"8550";"3360";"-";"-";"-";"-";"-";"-";"-"
"5216304";"Paranaiguara (GO)";"-";"-";"-";"...";"-";"-";"-";"-";"-";"-";"-";"-";"-";"-";"-";"...";"-";"-";"-";"-";"...";"1365036";"...";"-";"-";"-";"-";"-";"-";"-";"-";"-";"-";"-";"711";"-";"-";"-";"-";"-";"-";"-";"-";"-";"-";"-";"-";"-";"165";"-";"-";"-";"-";"-";"2000";"-";"-";"-";"-";"-";"-";"-";"2520";"-";"-";"-";"-";"-";"-";"-";"-"
"5216403";"Paraúna (GO)";"-";"-";"-";"...";"-";"4270";"-";"-";"-";"-";"-";"-";"-";"-";"335";"...";"-";"1750";"1750";"-";"...";"1095000";"...";"-";"-";"-";"-";"-";"-";"-";"-";"-";"-";"-";"9594";"-";"-";"-";"-";"-";"-";"1000";"-";"-";"-";"-";"-";"-";"290";"-";"-";"-";"-";"-";"392700";"-";"-";"-";"-";"-";"-";"-";"394320";"157500";"-";"-";"-";"-";"-";"-";"777"
"5216452";"Perolândia (GO)";"-";"-";"-";"...";"-";"12095";"-";"-";"-";"-";"-";"-";"-";"-";"-";"...";"-";"-";"-";"-";"...";"620500";"...";"-";"-";"-";"-";"-";"-";"-";"-";"-";"-";"-";"2985";"-";"-";"-";"-";"-";"-";"-";"-";"-";"-";"-";"-";"-";"-";"-";"-";"-";"-";"-";"210960";"-";"-";"-";"-";"-";"-";"-";"120750";"11780";"-";"-";"-";"-";"-";"-";"-"
"5216809";"Petrolina de Goiás (GO)";"-";"-";"-";"...";"-";"-";"-";"-";"20";"-";"-";"9560";"-";"-";"-";"...";"-";"-";"-";"-";"...";"-";"...";"-";"-";"-";"-";"-";"-";"-";"-";"-";"-";"-";"162";"-";"-";"-";"-";"-";"-";"-";"-";"-";"-";"-";"-";"-";"1650";"-";"-";"-";"-";"-";"3582";"-";"-";"-";"-";"-";"-";"-";"1740";"-";"-";"-";"-";"-";"-";"-";"-"
"5216908";"Pilar de Goiás (GO)";"-";"-";"-";"...";"-";"-";"-";"-";"40";"-";"-";"-";"-";"-";"-";"...";"-";"-";"-";"-";"...";"-";"...";"-";"-";"-";"-";"-";"-";"-";"-";"-";"-";"-";"-";"-";"-";"-";"-";"-";"-";"-";"-";"-";"-";"-";"-";"-";"-";"-";"-";"-";"-";"-";"288";"-";"-";"-";"-";"-";"-";"-";"-";"-";"-";"-";"-";"-";"-";"-";"-"
"5217104";"Piracanjuba (GO)";"-";"594";"-";"...";"-";"700";"-";"-";"240";"-";"-";"222";"-";"-";"51";"...";"-";"-";"-";"-";"...";"2340";"...";"-";"-";"-";"-";"-";"-";"-";"-";"-";"-";"-";"2070";"-";"35";"5500";"-";"-";"-";"1683";"-";"-";"-";"-";"-";"-";"1360";"-";"-";"-";"-";"-";"60240";"-";"1225";"-";"-";"-";"-";"-";"208000";"47600";"170";"80000";"-";"-";"-";"-";"-"
"5217203";"Piranhas (GO)";"-";"-";"-";"...";"-";"-";"-";"-";"-";"-";"-";"280";"-";"-";"-";"...";"-";"-";"-";"-";"...";"-";"...";"-";"-";"-";"-";"-";"-";"-";"-";"-";"-";"-";"-";"-";"-";"-";"-";"-";"-";"-";"-";"-";"-";"-";"-";"-";"1600";"-";"-";"-";"-";"-";"-";"-";"-";"-";"-";"-";"-";"-";"54288";"-";"-";"-";"-";"-";"-";"-";"-"
"5217302";"Pirenópolis (GO)";"-";"-";"-";"...";"-";"-";"-";"-";"120";"-";"-";"17080";"-";"-";"640";"...";"-";"-";"-";"-";"...";"-";"...";"-";"-";"-";"-";"-";"-";"-";"-";"-";"-";"-";"-";"-";"-";"-";"-";"-";"-";"1080";"-";"-";"-";"-";"-";"-";"1705";"-";"-";"-";"-";"-";"5928";"-";"-";"-";"-";"-";"-";"-";"10500";"-";"3000";"-";"-";"-";"-";"-";"18"
"5217401";"Pires do Rio (GO)";"-";"-";"-";"...";"-";"-";"-";"-";"-";"-";"-";"150";"-";"-";"-";"...";"-";"38";"38";"-";"...";"-";"...";"-";"-";"-";"-";"-";"-";"-";"-";"-";"-";"-";"-";"-";"-";"-";"-";"-";"-";"-";"-";"-";"-";"-";"-";"-";"380";"-";"-";"-";"-";"-";"9000";"-";"-";"-";"-";"-";"-";"-";"16500";"900";"-";"-";"-";"-";"-";"-";"-"
"5217609";"Planaltina (GO)";"-";"-";"-";"...";"-";"-";"-";"-";"-";"-";"-";"120";"-";"-";"-";"...";"-";"-";"-";"-";"...";"-";"...";"-";"-";"-";"-";"-";"-";"-";"-";"-";"-";"-";"10480";"-";"-";"-";"-";"-";"-";"-";"-";"-";"-";"-";"-";"-";"1380";"-";"140";"-";"-";"-";"46365";"-";"-";"-";"-";"-";"-";"-";"57600";"1667";"-";"8550";"-";"-";"-";"-";"-"
"5217708";"Pontalina (GO)";"-";"124";"-";"...";"-";"-";"-";"-";"-";"-";"-";"153";"-";"-";"45";"...";"-";"-";"-";"-";"...";"358000";"...";"-";"-";"-";"-";"-";"-";"384";"-";"-";"-";"-";"870";"-";"-";"800";"-";"-";"-";"2600";"-";"-";"-";"-";"-";"-";"1200";"-";"-";"-";"3274";"-";"11620";"-";"170";"-";"-";"-";"-";"-";"102400";"5250";"-";"50000";"-";"-";"-";"-";"-"
"5218003";"Porangatu (GO)";"-";"-";"-";"...";"-";"-";"-";"-";"102";"-";"-";"-";"-";"-";"-";"...";"-";"-";"-";"-";"...";"-";"...";"-";"-";"-";"-";"-";"-";"-";"-";"-";"-";"-";"-";"-";"-";"-";"-";"-";"-";"-";"-";"-";"-";"-";"-";"-";"1162";"-";"-";"-";"-";"-";"2759";"-";"-";"-";"-";"-";"-";"-";"54674";"-";"-";"-";"-";"-";"-";"-";"-"
"5218052";"Porteirão (GO)";"-";"-";"-";"...";"-";"-";"-";"-";"-";"-";"-";"-";"-";"-";"-";"...";"-";"-";"-";"-";"...";"2079000";"...";"-";"-";"-";"-";"-";"-";"-";"-";"-";"-";"-";"-";"-";"-";"-";"-";"-";"-";"-";"-";"-";"-";"-";"-";"-";"-";"-";"-";"-";"-";"-";"45525";"-";"-";"-";"-";"-";"-";"-";"37125";"6150";"-";"-";"-";"-";"-";"-";"-"
"5218102";"Portelândia (GO)";"-";"-";"-";"...";"-";"-";"-";"-";"-";"-";"-";"-";"-";"-";"-";"...";"-";"-";"-";"-";"...";"-";"...";"-";"-";"-";"-";"-";"-";"-";"-";"-";"-";"-";"-";"-";"-";"-";"-";"-";"-";"-";"-";"-";"-";"-";"-";"-";"-";"-";"-";"-";"-";"-";"105600";"-";"-";"-";"-";"-";"-";"-";"82800";"3000";"-";"-";"-";"-";"-";"-";"-"
"5218300";"Posse (GO)";"-";"-";"-";"...";"-";"-";"-";"-";"-";"-";"-";"-";"-";"-";"-";"...";"-";"-";"-";"-";"...";"-";"...";"-";"-";"-";"-";"-";"-";"-";"-";"-";"-";"-";"-";"-";"-";"-";"-";"-";"-";"-";"-";"-";"-";"-";"-";"-";"45";"-";"-";"-";"-";"-";"50";"-";"-";"-";"-";"-";"-";"-";"10955";"-";"-";"-";"-";"-";"-";"-";"-"
"5218391";"Professor Jamil (GO)";"-";"-";"-";"...";"-";"-";"-";"-";"-";"-";"-";"306";"-";"-";"-";"...";"-";"-";"-";"-";"...";"-";"...";"-";"-";"-";"-";"-";"-";"-";"-";"-";"-";"-";"-";"-";"10";"-";"-";"-";"-";"-";"-";"-";"-";"-";"-";"-";"-";"-";"-";"-";"-";"-";"882";"-";"-";"-";"-";"-";"-";"-";"2560";"660";"-";"-";"-";"-";"-";"-";"-"
"5218508";"Quirinópolis (GO)";"-";"255";"-";"...";"-";"-";"-";"-";"-";"-";"-";"-";"-";"-";"-";"...";"-";"-";"-";"-";"...";"5943945";"...";"-";"-";"-";"-";"-";"-";"-";"-";"-";"-";"-";"662";"-";"-";"-";"-";"-";"-";"-";"-";"-";"-";"-";"-";"-";"2225";"-";"-";"-";"-";"-";"60040";"-";"-";"-";"-";"-";"-";"-";"67500";"6000";"-";"-";"-";"-";"-";"-";"-"
"5218607";"Rialma (GO)";"-";"-";"-";"...";"-";"-";"-";"-";"24";"-";"-";"-";"-";"-";"-";"...";"-";"-";"-";"-";"...";"184800";"...";"-";"-";"-";"-";"-";"-";"-";"-";"-";"-";"-";"-";"-";"-";"-";"-";"-";"-";"-";"-";"-";"-";"-";"-";"-";"-";"-";"-";"-";"7800";"-";"2478";"-";"-";"-";"-";"-";"-";"-";"2275";"-";"-";"-";"-";"-";"-";"-";"-"
"5218706";"Rianápolis (GO)";"-";"-";"-";"...";"-";"-";"-";"-";"-";"-";"-";"-";"-";"-";"70";"...";"-";"-";"-";"-";"...";"58735";"...";"-";"-";"-";"-";"-";"-";"-";"-";"-";"-";"-";"210";"-";"-";"-";"-";"-";"-";"-";"-";"-";"-";"-";"-";"-";"225";"-";"88";"-";"5200";"-";"885";"-";"-";"-";"-";"-";"-";"-";"667";"-";"-";"-";"-";"-";"-";"-";"-"
"5218789";"Rio Quente (GO)";"-";"-";"-";"...";"-";"-";"-";"-";"-";"-";"-";"-";"-";"-";"-";"...";"-";"-";"-";"-";"...";"1190";"...";"-";"-";"-";"-";"-";"-";"-";"-";"-";"-";"-";"-";"-";"-";"-";"-";"-";"-";"57";"-";"-";"-";"-";"-";"-";"247";"-";"-";"-";"-";"-";"150";"-";"-";"-";"-";"-";"-";"-";"600";"124";"-";"-";"-";"-";"-";"-";"-"
"5218805";"Rio Verde (GO)";"-";"320";"-";"...";"-";"9670";"-";"-";"105";"-";"-";"2757";"-";"-";"218";"...";"-";"1300";"1300";"-";"...";"2520000";"...";"-";"-";"-";"-";"-";"-";"-";"-";"-";"-";"-";"5094";"-";"-";"410";"-";"-";"-";"8596";"75";"-";"-";"-";"-";"-";"2583";"-";"-";"-";"4500";"-";"2310600";"-";"-";"-";"-";"-";"-";"-";"1081200";"144000";"-";"-";"-";"-";"-";"-";"-"
"5218904";"Rubiataba (GO)";"-";"-";"-";"...";"-";"-";"-";"-";"57";"-";"-";"-";"-";"-";"-";"...";"-";"-";"-";"-";"...";"475241";"...";"-";"-";"-";"-";"-";"-";"-";"-";"-";"-";"-";"-";"-";"-";"-";"-";"-";"-";"-";"-";"-";"-";"-";"-";"-";"-";"-";"-";"-";"-";"-";"1000";"-";"-";"-";"-";"-";"-";"-";"-";"-";"-";"-";"-";"-";"-";"-";"-"
"5219001";"Sanclerlândia (GO)";"-";"-";"-";"...";"-";"-";"-";"-";"100";"-";"-";"240";"-";"-";"-";"...";"-";"-";"-";"-";"...";"4125";"...";"-";"-";"-";"-";"-";"-";"-";"-";"-";"-";"-";"-";"-";"-";"-";"-";"-";"-";"-";"-";"-";"-";"-";"-";"-";"425";"-";"-";"-";"-";"-";"1500";"-";"-";"-";"-";"-";"-";"-";"300";"-";"-";"-";"-";"-";"-";"-";"-"
"5219100";"Santa Bárbara de Goiás (GO)";"-";"-";"-";"...";"-";"-";"-";"-";"-";"-";"-";"-";"-";"-";"-";"...";"-";"-";"-";"-";"...";"39500";"...";"-";"-";"-";"-";"-";"-";"-";"-";"-";"-";"-";"-";"-";"-";"-";"-";"-";"-";"-";"-";"-";"-";"-";"-";"-";"-";"-";"-";"-";"-";"-";"780";"-";"-";"-";"-";"-";"-";"-";"4250";"-";"-";"-";"-";"-";"-";"-";"-"
"5219209";"Santa Cruz de Goiás (GO)";"-";"-";"-";"...";"-";"-";"-";"-";"19";"-";"-";"-";"-";"-";"-";"...";"-";"-";"-";"-";"...";"-";"...";"-";"-";"1240";"-";"-";"-";"-";"-";"-";"-";"-";"210";"-";"-";"104";"-";"-";"-";"-";"-";"-";"-";"-";"-";"-";"660";"-";"-";"-";"-";"-";"40800";"-";"-";"-";"-";"-";"-";"-";"57120";"2520";"-";"-";"-";"-";"-";"-";"-"
"5219258";"Santa Fé de Goiás (GO)";"-";"-";"-";"...";"-";"-";"-";"-";"-";"-";"-";"183";"-";"-";"-";"...";"-";"-";"-";"-";"...";"-";"...";"-";"-";"-";"-";"-";"-";"-";"-";"-";"-";"-";"3360";"-";"-";"-";"-";"-";"-";"-";"-";"-";"-";"-";"-";"-";"425";"-";"-";"-";"1800";"-";"4200";"-";"-";"-";"-";"-";"-";"-";"6600";"-";"-";"-";"-";"-";"-";"-";"-"
"5219308";"Santa Helena de Goiás (GO)";"-";"-";"-";"...";"-";"-";"-";"-";"-";"-";"-";"2200";"-";"-";"-";"...";"-";"-";"-";"-";"...";"2300000";"...";"-";"-";"-";"-";"-";"-";"-";"-";"-";"-";"-";"2640";"-";"-";"-";"-";"-";"-";"-";"-";"-";"-";"-";"-";"-";"990";"-";"-";"-";"3600";"-";"252000";"-";"-";"-";"-";"-";"-";"-";"144000";"32000";"-";"-";"-";"-";"-";"-";"-"
"5219357";"Santa Isabel (GO)";"-";"333";"-";"...";"-";"-";"-";"-";"104";"-";"-";"10500";"-";"-";"81";"...";"-";"-";"-";"-";"...";"421389";"...";"-";"-";"-";"-";"-";"-";"-";"-";"-";"-";"-";"-";"-";"-";"-";"-";"-";"-";"840";"-";"-";"-";"-";"-";"-";"-";"-";"140";"-";"-";"-";"3000";"-";"-";"-";"-";"-";"-";"-";"2100";"-";"-";"-";"-";"-";"-";"-";"-"
"5219407";"Santa Rita do Araguaia (GO)";"-";"-";"-";"...";"-";"-";"-";"-";"-";"-";"-";"-";"-";"-";"-";"...";"-";"-";"-";"-";"...";"-";"...";"-";"-";"-";"-";"-";"-";"-";"-";"-";"-";"-";"-";"-";"-";"-";"-";"-";"-";"-";"-";"-";"-";"-";"-";"-";"-";"-";"-";"-";"-";"-";"20500";"-";"-";"-";"-";"-";"-";"-";"21100";"-";"-";"-";"-";"-";"-";"-";"-"
"5219456";"Santa Rita do Novo Destino (GO)";"-";"-";"-";"...";"-";"-";"-";"-";"19";"-";"-";"12";"-";"-";"4032";"...";"-";"-";"-";"-";"...";"269500";"...";"-";"-";"-";"-";"-";"-";"-";"-";"-";"-";"-";"-";"-";"-";"-";"-";"-";"-";"-";"-";"-";"-";"-";"-";"-";"420";"-";"-";"-";"-";"-";"3000";"-";"-";"-";"-";"-";"-";"-";"22080";"-";"-";"-";"-";"-";"-";"-";"-"
"5219506";"Santa Rosa de Goiás (GO)";"-";"-";"-";"...";"-";"-";"-";"-";"-";"-";"-";"60";"-";"-";"-";"...";"-";"-";"-";"-";"...";"-";"...";"-";"-";"-";"-";"-";"-";"-";"-";"-";"-";"-";"-";"-";"-";"-";"-";"-";"-";"-";"-";"-";"-";"-";"-";"-";"4800";"-";"-";"-";"-";"-";"1200";"-";"-";"-";"-";"-";"-";"-";"1475";"-";"-";"-";"-";"-";"-";"-";"-"
"5219605";"Santa Tereza de Goiás (GO)";"-";"-";"-";"...";"-";"-";"-";"-";"100";"-";"-";"-";"-";"-";"-";"...";"-";"-";"-";"-";"...";"-";"...";"-";"-";"-";"-";"-";"-";"-";"-";"-";"-";"-";"-";"-";"-";"-";"-";"-";"-";"-";"-";"-";"-";"-";"-";"-";"639";"-";"-";"-";"-";"-";"558";"-";"-";"-";"-";"-";"-";"-";"7291";"-";"-";"-";"-";"-";"-";"-";"-"
"5219704";"Santa Terezinha de Goiás (GO)";"-";"-";"-";"...";"-";"-";"-";"-";"-";"-";"-";"120";"-";"-";"-";"...";"-";"-";"-";"-";"...";"624";"...";"-";"-";"-";"-";"-";"-";"100";"-";"-";"-";"-";"-";"-";"-";"-";"-";"-";"-";"-";"-";"-";"-";"-";"-";"-";"360";"-";"-";"-";"-";"-";"1125";"-";"-";"-";"-";"-";"-";"-";"-";"350";"-";"-";"-";"-";"-";"-";"-"
"5219712";"Santo Antônio da Barra (GO)";"-";"-";"-";"...";"-";"-";"-";"-";"-";"-";"-";"180";"-";"-";"-";"...";"-";"-";"-";"-";"...";"420000";"...";"-";"-";"-";"-";"-";"-";"-";"-";"-";"-";"-";"-";"-";"-";"-";"-";"-";"-";"-";"-";"-";"-";"-";"-";"-";"480";"-";"-";"-";"-";"-";"32000";"-";"-";"-";"-";"-";"-";"-";"23400";"3000";"-";"-";"-";"-";"-";"-";"-"
"5219738";"Santo Antônio de Goiás (GO)";"-";"-";"-";"...";"-";"-";"-";"-";"65";"-";"-";"-";"-";"-";"-";"...";"-";"-";"-";"-";"...";"-";"...";"-";"-";"-";"-";"-";"-";"-";"-";"-";"-";"-";"-";"-";"-";"-";"-";"-";"-";"-";"-";"-";"-";"-";"-";"-";"-";"-";"-";"-";"-";"-";"875";"-";"-";"-";"-";"-";"-";"-";"860";"-";"-";"-";"-";"-";"-";"-";"-"
"5219753";"Santo Antônio do Descoberto (GO)";"-";"-";"-";"...";"-";"-";"-";"-";"-";"-";"-";"-";"-";"-";"-";"...";"-";"-";"-";"-";"...";"-";"...";"-";"-";"-";"-";"-";"-";"-";"-";"-";"-";"-";"600";"-";"-";"-";"-";"-";"-";"-";"-";"-";"-";"-";"-";"-";"-";"-";"-";"-";"-";"-";"9875";"-";"-";"-";"-";"-";"-";"-";"3960";"859";"-";"-";"150";"-";"-";"-";"-"
"5219803";"São Domingos (GO)";"-";"-";"-";"...";"-";"-";"-";"-";"-";"-";"-";"-";"-";"-";"-";"...";"-";"-";"-";"-";"...";"-";"...";"-";"-";"-";"-";"-";"-";"-";"-";"-";"-";"-";"-";"-";"-";"-";"-";"-";"-";"-";"-";"-";"-";"-";"-";"-";"-";"-";"10";"-";"-";"-";"-";"-";"-";"-";"-";"-";"-";"-";"3522";"-";"-";"-";"-";"-";"-";"-";"-"
"5219902";"São Francisco de Goiás (GO)";"-";"330";"-";"...";"-";"-";"-";"-";"-";"-";"-";"840";"-";"-";"-";"...";"-";"-";"-";"-";"...";"-";"...";"-";"-";"-";"-";"-";"-";"-";"-";"-";"-";"-";"-";"-";"-";"-";"-";"-";"-";"-";"-";"-";"-";"-";"-";"-";"2375";"-";"-";"-";"-";"-";"2280";"-";"-";"-";"-";"-";"-";"-";"1519";"-";"99";"-";"-";"-";"-";"-";"-"
"5220009";"São João d'Aliança (GO)";"-";"-";"-";"...";"-";"6000";"-";"-";"17050";"-";"-";"-";"-";"5784";"-";"...";"-";"165";"165";"-";"...";"-";"...";"-";"-";"-";"-";"-";"-";"-";"-";"-";"-";"-";"31510";"-";"-";"-";"-";"-";"-";"-";"-";"-";"-";"-";"-";"-";"507";"-";"-";"-";"-";"-";"89996";"-";"-";"-";"-";"-";"-";"-";"132000";"2970";"-";"8400";"1650";"-";"-";"-";"-"
"5220058";"São João da Paraúna (GO)";"-";"-";"-";"...";"-";"-";"-";"-";"-";"-";"-";"-";"-";"-";"99";"...";"-";"-";"-";"-";"...";"-";"...";"-";"-";"-";"-";"-";"-";"292";"-";"-";"-";"-";"420";"-";"-";"-";"-";"-";"-";"-";"-";"-";"-";"-";"-";"-";"228";"-";"-";"-";"-";"-";"2145";"-";"-";"-";"-";"-";"-";"-";"11844";"-";"-";"-";"-";"-";"-";"-";"210"
"5220108";"São Luís de Montes Belos (GO)";"-";"-";"-";"...";"-";"-";"-";"-";"-";"-";"-";"7800";"-";"-";"-";"...";"-";"-";"-";"-";"...";"-";"...";"-";"-";"-";"-";"-";"-";"-";"-";"-";"-";"-";"-";"-";"-";"-";"-";"-";"-";"-";"-";"-";"-";"-";"-";"-";"1050";"-";"-";"-";"-";"-";"3000";"-";"-";"-";"-";"-";"-";"-";"2079";"-";"-";"-";"-";"-";"-";"-";"-"
"5220157";"São Luiz do Norte (GO)";"-";"6670";"-";"...";"-";"-";"-";"-";"-";"-";"-";"27";"-";"-";"621";"...";"-";"-";"-";"-";"...";"1330000";"...";"-";"-";"-";"-";"-";"-";"-";"-";"-";"-";"-";"-";"-";"-";"-";"-";"-";"-";"-";"-";"-";"-";"-";"-";"-";"260";"-";"-";"-";"-";"-";"690";"-";"170";"-";"-";"-";"-";"-";"8250";"320";"-";"-";"-";"-";"-";"-";"-"
"5220207";"São Miguel do Araguaia (GO)";"-";"-";"-";"...";"-";"-";"-";"-";"27215";"-";"-";"-";"-";"-";"-";"...";"-";"-";"-";"-";"...";"-";"...";"-";"-";"-";"-";"-";"-";"-";"-";"-";"-";"-";"-";"-";"-";"-";"-";"-";"-";"-";"-";"-";"-";"-";"-";"-";"1778";"-";"-";"-";"-";"-";"818";"-";"-";"-";"-";"-";"-";"-";"2700";"-";"-";"-";"-";"-";"-";"-";"-"
"5220264";"São Miguel do Passa Quatro (GO)";"-";"-";"-";"...";"-";"-";"-";"-";"-";"-";"-";"-";"-";"-";"-";"...";"-";"-";"-";"-";"...";"-";"...";"-";"-";"-";"-";"-";"-";"-";"-";"-";"-";"-";"687";"-";"-";"-";"-";"-";"-";"-";"-";"-";"-";"-";"-";"-";"713";"-";"-";"-";"-";"-";"42120";"-";"-";"-";"-";"-";"-";"-";"33600";"3680";"-";"-";"-";"-";"-";"-";"-"
"5220280";"São Patrício (GO)";"-";"-";"-";"...";"-";"-";"-";"-";"200";"-";"-";"420";"-";"-";"-";"...";"-";"-";"-";"-";"...";"104700";"...";"-";"-";"-";"-";"-";"-";"-";"-";"-";"-";"-";"-";"-";"-";"-";"-";"-";"-";"-";"-";"-";"-";"-";"-";"-";"-";"-";"318";"-";"-";"-";"2400";"-";"-";"-";"-";"-";"-";"-";"-";"-";"-";"-";"-";"-";"-";"-";"-"
"5220405";"São Simão (GO)";"-";"-";"-";"...";"-";"-";"-";"-";"-";"-";"-";"-";"-";"-";"-";"...";"-";"-";"-";"-";"...";"745833";"...";"-";"-";"-";"-";"-";"-";"-";"-";"-";"-";"-";"-";"-";"-";"-";"-";"-";"-";"-";"-";"-";"-";"-";"-";"-";"-";"-";"-";"-";"-";"-";"1620";"-";"-";"-";"-";"-";"-";"-";"-";"-";"-";"-";"-";"-";"-";"-";"-"
"5220454";"Senador Canedo (GO)";"-";"-";"-";"...";"-";"-";"-";"-";"-";"-";"-";"-";"-";"-";"-";"...";"-";"-";"-";"-";"...";"-";"...";"-";"-";"-";"-";"-";"-";"17";"-";"-";"-";"-";"-";"-";"-";"-";"-";"-";"-";"320";"238";"-";"-";"-";"-";"-";"330";"-";"-";"-";"-";"-";"2090";"-";"-";"-";"-";"-";"-";"-";"1478";"-";"480";"-";"-";"-";"-";"-";"-"
"5220504";"Serranópolis (GO)";"-";"-";"-";"...";"-";"-";"-";"-";"-";"-";"-";"-";"-";"-";"-";"...";"-";"-";"-";"-";"...";"1287000";"...";"-";"-";"-";"-";"-";"-";"-";"-";"-";"-";"-";"-";"-";"-";"-";"-";"-";"-";"-";"-";"-";"-";"-";"-";"-";"-";"-";"-";"-";"-";"-";"150300";"-";"-";"-";"-";"-";"-";"-";"101200";"1600";"-";"-";"-";"-";"-";"-";"-"
"5220603";"Silvânia (GO)";"-";"-";"-";"...";"-";"-";"-";"-";"66";"-";"-";"75";"-";"-";"-";"...";"-";"-";"-";"-";"...";"-";"...";"-";"-";"-";"-";"-";"-";"-";"-";"-";"-";"-";"6780";"-";"-";"1928";"-";"-";"-";"903";"-";"-";"-";"-";"-";"-";"2470";"-";"70";"-";"-";"-";"367500";"-";"-";"-";"-";"-";"-";"-";"233160";"27000";"170";"46950";"-";"-";"-";"-";"-"
"5220686";"Simolândia (GO)";"-";"-";"-";"...";"-";"-";"-";"-";"-";"-";"-";"-";"-";"-";"-";"...";"-";"-";"-";"-";"...";"-";"...";"-";"-";"-";"-";"-";"-";"-";"-";"-";"-";"-";"-";"-";"-";"-";"-";"-";"-";"-";"-";"-";"-";"-";"-";"-";"-";"-";"-";"-";"-";"-";"-";"-";"-";"-";"-";"-";"-";"-";"3531";"-";"-";"-";"-";"-";"-";"-";"-"
"5220702";"Sítio d'Abadia (GO)";"-";"-";"-";"...";"-";"-";"-";"-";"-";"-";"-";"-";"-";"-";"-";"...";"-";"156";"156";"-";"...";"-";"...";"-";"-";"-";"-";"-";"-";"-";"-";"-";"-";"-";"793";"-";"-";"-";"-";"-";"-";"2856";"-";"-";"-";"-";"-";"-";"-";"-";"-";"-";"-";"-";"13968";"-";"-";"-";"-";"-";"-";"-";"17620";"426";"-";"-";"-";"-";"-";"-";"-"
"5221007";"Taquaral de Goiás (GO)";"-";"-";"-";"...";"-";"-";"-";"-";"48";"-";"-";"3680";"-";"-";"-";"...";"-";"-";"-";"-";"...";"-";"...";"-";"-";"-";"-";"-";"-";"-";"-";"-";"-";"-";"-";"-";"-";"-";"-";"-";"-";"1250";"-";"-";"-";"-";"-";"-";"3000";"-";"-";"-";"-";"-";"356";"-";"-";"-";"-";"-";"-";"-";"1000";"-";"-";"-";"-";"-";"-";"-";"-"
"5221080";"Teresina de Goiás (GO)";"-";"-";"-";"...";"-";"-";"-";"-";"-";"-";"-";"130";"-";"-";"-";"...";"-";"-";"-";"-";"...";"-";"...";"-";"-";"-";"-";"-";"-";"-";"-";"-";"-";"-";"-";"-";"-";"-";"-";"-";"-";"-";"-";"-";"-";"-";"-";"-";"1440";"-";"-";"-";"-";"-";"-";"-";"-";"-";"-";"-";"-";"-";"-";"-";"-";"-";"-";"-";"-";"-";"-"
"5221197";"Terezópolis de Goiás (GO)";"-";"-";"-";"...";"-";"-";"-";"-";"-";"-";"-";"1365";"-";"-";"-";"...";"-";"-";"-";"-";"...";"-";"...";"-";"-";"-";"-";"-";"-";"-";"-";"-";"-";"-";"-";"-";"-";"-";"-";"-";"-";"1650";"216";"-";"-";"-";"-";"-";"2170";"-";"-";"-";"-";"-";"1423";"-";"-";"-";"-";"-";"-";"-";"1736";"-";"-";"-";"-";"-";"-";"-";"-"
"5221304";"Três Ranchos (GO)";"-";"-";"-";"...";"-";"-";"-";"-";"-";"-";"-";"-";"-";"-";"-";"...";"-";"-";"-";"-";"...";"500";"...";"-";"-";"-";"-";"-";"-";"-";"-";"-";"-";"-";"-";"-";"-";"-";"-";"-";"-";"-";"-";"-";"-";"-";"-";"-";"150";"-";"-";"-";"-";"-";"1935";"-";"-";"-";"-";"-";"-";"-";"1320";"-";"-";"264";"-";"-";"-";"-";"-"
"5221403";"Trindade (GO)";"-";"-";"-";"...";"-";"-";"-";"-";"-";"-";"-";"-";"-";"-";"-";"...";"-";"-";"-";"-";"...";"26800";"...";"-";"-";"-";"-";"-";"-";"-";"-";"-";"-";"-";"135";"-";"-";"-";"-";"-";"-";"-";"-";"-";"-";"-";"-";"-";"-";"-";"-";"-";"-";"-";"3250";"-";"-";"-";"-";"-";"-";"-";"8578";"9500";"-";"3900";"-";"-";"-";"-";"-"
"5221452";"Trombas (GO)";"-";"-";"-";"...";"-";"-";"-";"-";"70";"-";"-";"-";"-";"-";"-";"...";"-";"-";"-";"-";"...";"-";"...";"-";"-";"-";"-";"-";"-";"-";"-";"-";"-";"-";"-";"-";"-";"-";"-";"-";"-";"-";"-";"-";"-";"-";"-";"-";"1146";"-";"-";"-";"-";"-";"87";"-";"-";"-";"-";"-";"-";"-";"829";"-";"-";"-";"-";"-";"-";"-";"-"
"5221502";"Turvânia (GO)";"-";"-";"-";"...";"-";"-";"-";"-";"-";"-";"-";"167";"-";"-";"-";"...";"-";"-";"-";"-";"...";"45500";"...";"-";"-";"-";"-";"-";"-";"-";"-";"-";"-";"-";"-";"-";"-";"-";"-";"-";"-";"-";"-";"-";"-";"-";"-";"-";"765";"-";"-";"-";"-";"-";"12000";"-";"-";"-";"-";"-";"-";"-";"19800";"-";"-";"-";"-";"-";"-";"-";"-"
"5221551";"Turvelândia (GO)";"-";"-";"-";"...";"-";"6490";"-";"-";"-";"-";"-";"-";"-";"-";"-";"...";"-";"-";"-";"-";"...";"1116000";"...";"-";"-";"-";"-";"-";"-";"-";"-";"-";"-";"-";"960";"-";"-";"-";"-";"-";"-";"-";"-";"-";"-";"-";"-";"-";"320";"-";"-";"-";"-";"-";"40000";"-";"-";"-";"-";"-";"-";"-";"70000";"12000";"-";"-";"-";"-";"-";"-";"-"
"5221577";"Uirapuru (GO)";"-";"-";"-";"...";"-";"-";"-";"-";"-";"-";"-";"91";"-";"-";"-";"...";"-";"-";"-";"-";"...";"376";"...";"-";"-";"-";"-";"-";"-";"-";"-";"-";"-";"-";"-";"-";"-";"-";"-";"-";"-";"-";"-";"-";"-";"-";"-";"-";"440";"-";"-";"-";"-";"-";"495";"-";"-";"-";"-";"-";"-";"-";"-";"-";"-";"-";"-";"-";"-";"-";"-"
"5221601";"Uruaçu (GO)";"-";"60";"-";"...";"-";"-";"-";"-";"-";"-";"-";"250";"-";"-";"81";"...";"-";"-";"-";"-";"...";"448000";"...";"-";"-";"-";"-";"-";"-";"180";"-";"-";"-";"-";"-";"-";"-";"-";"-";"-";"-";"-";"-";"-";"-";"-";"-";"-";"1100";"-";"-";"-";"-";"-";"14850";"-";"170";"-";"-";"-";"-";"-";"75840";"1550";"-";"-";"-";"-";"-";"-";"-"
"5221700";"Uruana (GO)";"-";"-";"-";"...";"-";"-";"-";"-";"60";"-";"-";"28900";"-";"-";"252";"...";"-";"-";"-";"-";"...";"238000";"...";"-";"-";"-";"-";"-";"-";"-";"-";"-";"-";"-";"939";"-";"-";"-";"-";"-";"-";"-";"-";"-";"-";"-";"-";"-";"6300";"-";"-";"-";"141000";"-";"12375";"-";"1444";"-";"-";"-";"-";"-";"3800";"-";"-";"-";"-";"-";"-";"-";"-"
"5221809";"Urutaí (GO)";"-";"-";"-";"...";"-";"-";"-";"-";"-";"-";"-";"-";"-";"-";"-";"...";"-";"-";"-";"-";"...";"-";"...";"-";"-";"-";"-";"-";"-";"-";"-";"-";"-";"-";"-";"-";"-";"180";"-";"-";"-";"-";"-";"-";"-";"-";"-";"-";"165";"-";"-";"-";"-";"-";"10480";"-";"-";"-";"-";"-";"-";"-";"10080";"600";"-";"-";"-";"-";"-";"-";"-"
"5221858";"Valparaíso de Goiás (GO)";"...";"...";"...";"...";"...";"...";"...";"...";"...";"...";"...";"...";"...";"...";"...";"...";"...";"...";"...";"...";"...";"...";"...";"...";"...";"...";"...";"...";"...";"...";"...";"...";"...";"...";"...";"...";"...";"...";"...";"...";"...";"...";"...";"...";"...";"...";"...";"...";"...";"...";"...";"...";"...";"...";"...";"...";"...";"...";"...";"...";"...";"...";"...";"...";"...";"...";"...";"...";"...";"...";"..."
"5221908";"Varjão (GO)";"-";"-";"-";"...";"-";"-";"-";"-";"-";"-";"-";"-";"-";"-";"-";"...";"-";"-";"-";"-";"...";"2334";"...";"-";"-";"-";"-";"-";"-";"-";"-";"-";"-";"-";"-";"-";"-";"-";"-";"-";"-";"200";"-";"-";"-";"-";"-";"-";"592";"-";"-";"-";"-";"-";"2542";"-";"-";"-";"-";"-";"-";"-";"2362";"-";"-";"-";"-";"-";"-";"-";"-"
"5222005";"Vianópolis (GO)";"-";"-";"-";"...";"-";"-";"-";"-";"-";"-";"-";"-";"-";"-";"-";"...";"-";"-";"-";"-";"...";"-";"...";"-";"-";"-";"-";"-";"-";"-";"-";"-";"-";"-";"1800";"-";"-";"4907";"-";"-";"-";"418";"-";"-";"-";"-";"-";"-";"875";"-";"-";"-";"-";"-";"90600";"-";"-";"-";"-";"-";"-";"-";"134400";"13500";"-";"68600";"855";"-";"-";"-";"-"
"5222054";"Vicentinópolis (GO)";"-";"-";"-";"...";"-";"-";"-";"-";"-";"-";"-";"-";"-";"-";"-";"...";"-";"-";"-";"-";"...";"1335360";"...";"-";"-";"-";"-";"-";"-";"-";"-";"-";"-";"-";"1500";"-";"-";"220";"-";"-";"-";"-";"-";"-";"-";"-";"-";"-";"89";"-";"-";"-";"-";"-";"43770";"-";"-";"-";"-";"-";"-";"-";"58140";"18900";"-";"17680";"-";"-";"-";"-";"-"
"5222203";"Vila Boa (GO)";"-";"-";"-";"...";"-";"-";"-";"-";"-";"-";"-";"-";"-";"-";"-";"...";"-";"-";"-";"-";"...";"472290";"...";"-";"-";"-";"-";"-";"-";"-";"-";"-";"-";"-";"-";"-";"-";"-";"-";"-";"-";"-";"-";"-";"-";"-";"-";"-";"84";"-";"-";"-";"-";"-";"4000";"-";"-";"-";"-";"-";"-";"-";"1000";"7851";"-";"-";"-";"-";"-";"-";"-"
"5222302";"Vila Propício (GO)";"-";"-";"-";"...";"-";"-";"-";"-";"36";"-";"-";"2380";"-";"-";"5880";"...";"-";"-";"-";"-";"...";"1741500";"...";"-";"-";"-";"-";"-";"-";"-";"-";"-";"-";"-";"-";"-";"-";"-";"-";"-";"-";"-";"-";"-";"-";"-";"-";"-";"480";"-";"-";"-";"-";"-";"9378";"-";"-";"-";"-";"-";"-";"-";"44550";"-";"-";"2910";"-";"-";"-";"-";"-"
"Fonte: IBGE - Produção Agrícola Municipal"

"Notas"
"1 - Os municípios sem informação para pelo menos um produto da lavoura não aparecem nas listas;"
"2 - A partir do ano de 2001 as quantidades produzidas dos produtos abacate, banana, caqui, figo, goiaba, laranja, limão, maçã, mamão, manga, maracujá, marmelo, melancia, melão, pera, pêssego e tangerina passam a ser expressas em toneladas. Nos anos anteriores eram expressas em mil frutos, com exceção da banana, que era expressa em mil cachos. O rendimento médio passa a ser expresso em Kg/ha. Nos anos anteriores era expresso em frutos/ha, com exceção da banana, que era expressa em cachos/ha."
"3 - Veja em https://sidra.ibge.gov.br/content/documentos/pam/AlteracoesUnidadesMedidaFrutas.pdf um documento com as alterações de unidades de medida das frutíferas ocorridas em 2001 e a tabela de conversão fruto x quilograma."
"4 - Até 2001, café (em coco), a partir de 2002, café (beneficiado ou em grão)."
"5 - Os produtos girassol e triticale só apresentam informação a partir de 2005."
"6 - As quantidades produzidas de abacaxi e de coco-da-baía são expressas em mil frutos e o rendimento médio em frutos/ha."
"7 - Valores para a categoria Total indisponíveis para as variáveis Quantidade produzida e Rendimento médio, pois as unidades de medida diferem para determinados produtos."
"8 - Subentende a possibilidade de cultivos sucessivos ou simultâneos (simples, associados e/ou intercalados) no mesmo ano e no mesmo local, podendo, por isto, a área informada da cultura exceder a área geográfica do município."
"9 - As culturas de abacaxi, cana-de-açúcar, mamona e mandioca são consideradas culturas temporárias de longa duração. Elas costumam ter ciclo vegetativo que ultrapassa 12 meses e, por isso, as informações são computadas nas colheitas realizadas dentro de cada ano civil (12 meses).
Nestas culturas a área plantada refere-se a área destinada à colheita no ano."
"10 - A diferença entre a área plantada ou destinada à colheita e a área colhida na lavoura é considerada como área perdida."
"11 - A variável Área plantada ou destinada à colheita só passou a ser informada a partir de 1988.
12 - Valor da produção: Variável derivada calculada pela média ponderada das informações de quantidade e preço médio corrente pago ao produtor, de acordo com os períodos de colheita e comercialização de cada produto. As despesas de frete, taxas e impostos não são incluídas no preço.

13 - Os dados do último ano divulgado são RESULTADOS PRELIMINARES e podem sofrer alterações até a próxima divulgação."
""
"Legenda"
"Símbolo";"Significado"
"-";"Zero absoluto, não resultante de um cálculo ou arredondamento.
Ex: Em determinado município não existem pessoas de 14 anos de idade sem instrução."
"0";"Zero resultante de um cálculo ou arredondamento.
Ex: A inflação do feijão em determinada Região Metropolitana foi 0.
Determinado município produziu 400 kg de sementes de girassol e os dados da tabela são expressos em toneladas."
"X";"Valor inibido para não identificar o informante.
Ex: Determinado município só possui uma empresa produtora de cimento, logo o valor de sua produção deve ser inibido."
"..";"Valor não se aplica.
Ex: Não se pode obter o total da produção agrícola em determinado município quando os produtos agrícolas são contabilizados com unidades de medida distintas."
"...";"Valor não disponível.
Ex: A produção de feijão em determinado município não foi pesquisada ou determinado município não existia no ano da pesquisa."
"A a Z
(exceto X)";"Significa uma faixa de valores. Varia em função da tabela (se for o caso).
Ex: O nível de precisão da produção estimada de combustíveis está na faixa A (95 a 100%)"
